 ,Label,Area,Mean,StdDev,Min,Max,Perim.
1,Result of BEFORE_GA3_B2 Region1_Merged_RAW_ch01.tif:00014-11119,16.002,2.687,0.411,1.583,3.529,20.498
2,Result of BEFORE_GA3_B2 Region1_Merged_RAW_ch01.tif:00016-11109,2.052,2.653,0.301,2.200,3.000,7.687
3,Result of BEFORE_GA3_B2 Region1_Merged_RAW_ch01.tif:00230-04878,80.832,2.060,0.419,1.143,2.917,33.491
4,Result of BEFORE_GA3_B2 Region1_Merged_RAW_ch01.tif:00306-09251,29.953,2.561,0.773,1.071,4.333,21.275
5,Result of BEFORE_GA3_B2 Region1_Merged_RAW_ch01.tif:00391-12041,13.130,1.722,0.339,1.107,2.593,13.277
6,Result of BEFORE_GA3_B2 Region1_Merged_RAW_ch01.tif:00506-05529,28.722,2.439,0.366,1.667,3.333,20.149
7,Result of BEFORE_GA3_B2 Region1_Merged_RAW_ch01.tif:00969-10262,0.821,2.955,0.064,2.909,3.000,3.843
8,Result of BEFORE_GA3_B2 Region1_Merged_RAW_ch01.tif:00973-09371,2.462,1.481,0.167,1.292,1.714,6.406
9,Result of BEFORE_GA3_B2 Region1_Merged_RAW_ch01.tif:00976-09370,1.231,1.153,0.132,1.000,1.235,3.624
10,Result of BEFORE_GA3_B2 Region1_Merged_RAW_ch01.tif:01039-08988,31.184,2.417,0.709,1.188,4.105,21.275
11,Result of BEFORE_GA3_B2 Region1_Merged_RAW_ch01.tif:01106-02664,22.567,3.373,0.664,1.833,5.000,17.432
12,Result of BEFORE_GA3_B2 Region1_Merged_RAW_ch01.tif:01264-05005,29.543,1.999,0.992,0.762,4.714,20.900
13,Result of BEFORE_GA3_B2 Region1_Merged_RAW_ch01.tif:01520-12342,0.410,2.556,0.000,2.556,2.556,2.562
14,Result of BEFORE_GA3_B2 Region1_Merged_RAW_ch01.tif:01904-05502,2.872,2.475,0.251,2.077,2.727,6.341
15,Result of BEFORE_GA3_B2 Region1_Merged_RAW_ch01.tif:02028-04684,18.464,2.375,0.388,1.650,3.333,15.464
16,Result of BEFORE_GA3_B2 Region1_Merged_RAW_ch01.tif:02079-02778,3.693,1.758,0.190,1.500,2.118,6.716
17,Result of BEFORE_GA3_B2 Region1_Merged_RAW_ch01.tif:02105-02942,47.596,2.932,0.825,1.350,5.000,25.274
18,Result of BEFORE_GA3_B2 Region1_Merged_RAW_ch01.tif:02159-04235,8.206,1.620,0.244,1.158,2.000,10.715
19,Result of BEFORE_GA3_B2 Region1_Merged_RAW_ch01.tif:02195-03412,62.778,2.365,0.648,1.074,3.889,28.742
20,Result of BEFORE_GA3_B2 Region1_Merged_RAW_ch01.tif:02203-04246,25.029,2.328,0.590,1.185,4.000,19.994
21,Result of BEFORE_GA3_B2 Region1_Merged_RAW_ch01.tif:02268-02991,54.572,1.917,0.577,0.814,3.667,30.178
22,Result of BEFORE_GA3_B2 Region1_Merged_RAW_ch01.tif:02311-02781,16.413,1.365,0.230,0.927,2.000,14.559
23,Result of BEFORE_GA3_B2 Region1_Merged_RAW_ch01.tif:02404-04059,16.823,1.939,0.422,1.036,3.333,14.714
24,Result of BEFORE_GA3_B2 Region1_Merged_RAW_ch01.tif:02488-05005,7.796,1.899,0.267,1.458,2.533,9.809
25,Result of BEFORE_GA3_B2 Region1_Merged_RAW_ch01.tif:02505-03704,1.641,3.014,0.315,2.545,3.200,4.529
26,Result of BEFORE_GA3_B2 Region1_Merged_RAW_ch01.tif:02551-03763,12.720,2.396,0.291,1.737,3.000,14.559
27,Result of BEFORE_GA3_B2 Region1_Merged_RAW_ch01.tif:02553-03799,27.901,1.915,0.409,0.974,2.882,19.463
28,Result of BEFORE_GA3_B2 Region1_Merged_RAW_ch01.tif:02603-04291,16.413,2.734,0.590,1.588,3.882,14.559
29,Result of BEFORE_GA3_B2 Region1_Merged_RAW_ch01.tif:02636-03780,13.130,2.777,0.440,2.000,3.750,13.433
30,Result of BEFORE_GA3_B2 Region1_Merged_RAW_ch01.tif:02657-07888,9.437,2.137,0.311,1.688,2.733,11.090
31,Result of BEFORE_GA3_B2 Region1_Merged_RAW_ch01.tif:02791-03386,1.231,1.785,0.096,1.722,1.895,3.624
32,Result of BEFORE_GA3_B2 Region1_Merged_RAW_ch01.tif:02796-03836,69.343,1.570,0.455,0.980,3.143,30.554
33,Result of BEFORE_GA3_B2 Region1_Merged_RAW_ch01.tif:02813-02995,9.437,3.416,0.430,2.643,4.500,11.246
34,Result of BEFORE_GA3_B2 Region1_Merged_RAW_ch01.tif:02848-03392,14.771,1.405,0.230,1.000,1.833,13.653
35,Result of BEFORE_GA3_B2 Region1_Merged_RAW_ch01.tif:02884-03236,24.619,2.143,0.486,1.318,4.000,18.868
36,Result of BEFORE_GA3_B2 Region1_Merged_RAW_ch01.tif:02952-03629,9.848,2.670,0.605,1.636,4.000,12.152
37,Result of BEFORE_GA3_B2 Region1_Merged_RAW_ch01.tif:03014-03225,19.695,2.572,0.424,1.857,3.333,16.901
38,Result of BEFORE_GA3_B2 Region1_Merged_RAW_ch01.tif:03110-04536,45.545,1.950,0.431,1.026,3.000,25.804
39,Result of BEFORE_GA3_B2 Region1_Merged_RAW_ch01.tif:03147-03715,12.309,2.822,0.404,2.143,3.636,13.277
40,Result of BEFORE_GA3_B2 Region1_Merged_RAW_ch01.tif:03216-03337,28.312,2.381,0.689,1.286,4.167,19.463
41,Result of BEFORE_GA3_B2 Region1_Merged_RAW_ch01.tif:03234-02763,7.796,3.276,0.386,2.643,4.125,9.654
42,Result of BEFORE_GA3_B2 Region1_Merged_RAW_ch01.tif:03281-09956,14.361,1.640,0.276,0.900,2.312,14.183
43,Result of BEFORE_GA3_B2 Region1_Merged_RAW_ch01.tif:03291-03064,4.513,2.469,0.430,1.875,3.167,8.373
44,Result of BEFORE_GA3_B2 Region1_Merged_RAW_ch01.tif:03346-09168,4.513,1.652,0.222,1.222,2.000,7.622
45,Result of BEFORE_GA3_B2 Region1_Merged_RAW_ch01.tif:03356-10068,71.394,1.920,0.563,1.214,4.714,30.398
46,Result of BEFORE_GA3_B2 Region1_Merged_RAW_ch01.tif:03375-10396,12.309,2.350,0.279,1.727,2.824,12.527
47,Result of BEFORE_GA3_B2 Region1_Merged_RAW_ch01.tif:03412-09009,3.283,2.224,0.503,1.769,3.111,8.528
48,Result of BEFORE_GA3_B2 Region1_Merged_RAW_ch01.tif:03436-09423,32.004,1.921,0.539,0.972,3.333,20.369
49,Result of BEFORE_GA3_B2 Region1_Merged_RAW_ch01.tif:03447-09313,2.052,1.337,0.110,1.190,1.474,6.716
50,Result of BEFORE_GA3_B2 Region1_Merged_RAW_ch01.tif:03500-09066,6.565,1.496,0.341,0.941,2.000,9.434
51,Result of BEFORE_GA3_B2 Region1_Merged_RAW_ch01.tif:03544-03328,46.776,2.392,0.478,1.440,3.600,26.024
52,Result of BEFORE_GA3_B2 Region1_Merged_RAW_ch01.tif:03643-03107,17.233,3.818,1.166,1.769,6.000,15.089
53,Result of BEFORE_GA3_B2 Region1_Merged_RAW_ch01.tif:03647-05106,2.052,2.387,0.333,2.062,2.833,4.905
54,Result of BEFORE_GA3_B2 Region1_Merged_RAW_ch01.tif:03667-05949,17.233,1.955,0.390,1.043,2.857,15.464
55,Result of BEFORE_GA3_B2 Region1_Merged_RAW_ch01.tif:03687-05304,14.771,1.333,0.196,0.974,1.789,13.808
56,Result of BEFORE_GA3_B2 Region1_Merged_RAW_ch01.tif:03694-08597,51.699,2.057,0.357,1.080,3.292,26.930
57,Result of BEFORE_GA3_B2 Region1_Merged_RAW_ch01.tif:03696-09045,41.442,1.873,0.602,0.925,3.875,23.462
58,Result of BEFORE_GA3_B2 Region1_Merged_RAW_ch01.tif:03743-05345,34.466,1.790,0.343,1.190,2.769,21.650
59,Result of BEFORE_GA3_B2 Region1_Merged_RAW_ch01.tif:03742-09735,69.343,2.337,0.364,1.471,3.250,32.210
60,Result of BEFORE_GA3_B2 Region1_Merged_RAW_ch01.tif:03775-10545,0.821,1.119,0.067,1.071,1.167,3.843
61,Result of BEFORE_GA3_B2 Region1_Merged_RAW_ch01.tif:03799-06313,20.926,2.502,0.383,1.750,3.444,18.557
62,Result of BEFORE_GA3_B2 Region1_Merged_RAW_ch01.tif:03814-09314,2.462,2.225,0.471,1.533,2.818,5.435
63,Result of BEFORE_GA3_B2 Region1_Merged_RAW_ch01.tif:03815-05548,11.899,2.768,0.522,1.900,3.750,11.996
64,Result of BEFORE_GA3_B2 Region1_Merged_RAW_ch01.tif:03871-05593,7.386,1.369,0.486,0.842,2.667,9.809
65,Result of BEFORE_GA3_B2 Region1_Merged_RAW_ch01.tif:03871-06569,33.646,1.824,0.328,1.133,2.692,22.556
66,Result of BEFORE_GA3_B2 Region1_Merged_RAW_ch01.tif:03883-05611,35.287,2.525,0.581,1.314,3.821,21.495
67,Result of BEFORE_GA3_B2 Region1_Merged_RAW_ch01.tif:03900-09136,2.872,2.380,0.231,2.100,2.800,5.435
68,Result of BEFORE_GA3_B2 Region1_Merged_RAW_ch01.tif:03902-09401,37.749,1.820,0.513,0.950,3.308,22.931
69,Result of BEFORE_GA3_B2 Region1_Merged_RAW_ch01.tif:03905-06284,15.182,2.222,0.327,1.667,2.913,13.808
70,Result of BEFORE_GA3_B2 Region1_Merged_RAW_ch01.tif:03955-07318,20.105,3.606,1.230,1.500,5.727,16.370
71,Result of BEFORE_GA3_B2 Region1_Merged_RAW_ch01.tif:03982-02948,64.829,2.584,0.818,1.267,5.000,31.240
72,Result of BEFORE_GA3_B2 Region1_Merged_RAW_ch01.tif:03990-10417,30.363,2.722,0.704,1.667,5.000,20.900
73,Result of BEFORE_GA3_B2 Region1_Merged_RAW_ch01.tif:04022-06199,12.720,2.941,0.564,1.727,4.273,12.902
74,Result of BEFORE_GA3_B2 Region1_Merged_RAW_ch01.tif:04035-03271,9.848,2.683,0.622,1.471,4.333,11.090
75,Result of BEFORE_GA3_B2 Region1_Merged_RAW_ch01.tif:04075-06725,43.493,1.829,0.377,0.914,2.812,24.743
76,Result of BEFORE_GA3_B2 Region1_Merged_RAW_ch01.tif:04078-08924,29.132,2.511,0.500,1.632,3.917,20.900
77,Result of BEFORE_GA3_B2 Region1_Merged_RAW_ch01.tif:04114-03852,13.130,3.110,0.397,2.300,4.000,12.527
78,Result of BEFORE_GA3_B2 Region1_Merged_RAW_ch01.tif:04112-09100,25.029,1.769,0.253,1.111,2.600,18.713
79,Result of BEFORE_GA3_B2 Region1_Merged_RAW_ch01.tif:04137-03804,0.410,2.214,0.000,2.214,2.214,2.562
80,Result of BEFORE_GA3_B2 Region1_Merged_RAW_ch01.tif:04136-06389,21.747,2.476,0.394,1.577,3.600,16.370
81,Result of BEFORE_GA3_B2 Region1_Merged_RAW_ch01.tif:04189-03983,24.619,2.482,0.388,1.632,3.500,17.807
82,Result of BEFORE_GA3_B2 Region1_Merged_RAW_ch01.tif:04201-03280,24.619,1.953,0.281,1.300,2.538,18.557
83,Result of BEFORE_GA3_B2 Region1_Merged_RAW_ch01.tif:04209-09127,0.821,1.158,0.223,1.000,1.316,3.624
84,Result of BEFORE_GA3_B2 Region1_Merged_RAW_ch01.tif:04210-09124,0.410,1.769,0.000,1.769,1.769,2.562
85,Result of BEFORE_GA3_B2 Region1_Merged_RAW_ch01.tif:04209-06181,13.130,2.754,0.381,2.154,3.700,12.902
86,Result of BEFORE_GA3_B2 Region1_Merged_RAW_ch01.tif:04212-09127,0.410,0.960,0.000,0.960,0.960,2.562
87,Result of BEFORE_GA3_B2 Region1_Merged_RAW_ch01.tif:04241-04207,19.695,1.890,0.399,1.167,2.800,16.901
88,Result of BEFORE_GA3_B2 Region1_Merged_RAW_ch01.tif:04238-05009,51.699,2.010,0.366,1.000,2.920,26.555
89,Result of BEFORE_GA3_B2 Region1_Merged_RAW_ch01.tif:04299-05365,30.363,2.239,0.407,1.524,3.250,20.744
90,Result of BEFORE_GA3_B2 Region1_Merged_RAW_ch01.tif:04304-09118,39.390,1.876,0.521,1.129,4.429,25.649
91,Result of BEFORE_GA3_B2 Region1_Merged_RAW_ch01.tif:04311-05101,10.668,2.410,0.398,1.647,3.308,12.152
92,Result of BEFORE_GA3_B2 Region1_Merged_RAW_ch01.tif:04332-03652,7.796,1.709,0.262,1.214,2.214,10.185
93,Result of BEFORE_GA3_B2 Region1_Merged_RAW_ch01.tif:04346-06899,0.410,1.588,0.000,1.588,1.588,2.562
94,Result of BEFORE_GA3_B2 Region1_Merged_RAW_ch01.tif:04347-06899,18.464,2.235,0.290,1.588,2.900,19.619
95,Result of BEFORE_GA3_B2 Region1_Merged_RAW_ch01.tif:04368-03722,11.899,1.590,0.233,1.333,2.375,11.996
96,Result of BEFORE_GA3_B2 Region1_Merged_RAW_ch01.tif:04369-05376,31.184,1.750,0.231,1.333,2.346,20.369
97,Result of BEFORE_GA3_B2 Region1_Merged_RAW_ch01.tif:04372-09516,15.592,2.649,0.545,1.562,4.000,13.653
98,Result of BEFORE_GA3_B2 Region1_Merged_RAW_ch01.tif:04404-06520,1.231,2.485,0.052,2.455,2.545,3.624
99,Result of BEFORE_GA3_B2 Region1_Merged_RAW_ch01.tif:04414-10661,13.130,2.569,0.852,1.429,4.714,12.902
100,Result of BEFORE_GA3_B2 Region1_Merged_RAW_ch01.tif:04496-04216,13.540,3.322,0.481,2.455,4.250,12.902
101,Result of BEFORE_GA3_B2 Region1_Merged_RAW_ch01.tif:04521-09047,36.108,1.768,0.324,1.000,2.500,21.806
102,Result of BEFORE_GA3_B2 Region1_Merged_RAW_ch01.tif:04533-04205,14.771,2.523,0.407,1.714,3.600,14.559
103,Result of BEFORE_GA3_B2 Region1_Merged_RAW_ch01.tif:04540-04719,0.410,3.000,0.000,3.000,3.000,2.562
104,Result of BEFORE_GA3_B2 Region1_Merged_RAW_ch01.tif:04550-04167,53.341,2.579,0.786,1.433,4.800,29.053
105,Result of BEFORE_GA3_B2 Region1_Merged_RAW_ch01.tif:04553-05199,27.491,2.162,0.450,1.385,3.238,18.933
106,Result of BEFORE_GA3_B2 Region1_Merged_RAW_ch01.tif:04560-03878,10.668,2.879,0.519,2.000,4.000,12.527
107,Result of BEFORE_GA3_B2 Region1_Merged_RAW_ch01.tif:04571-04734,52.520,2.117,0.616,1.091,3.500,27.305
108,Result of BEFORE_GA3_B2 Region1_Merged_RAW_ch01.tif:04584-06745,2.052,1.852,0.303,1.571,2.286,4.905
109,Result of BEFORE_GA3_B2 Region1_Merged_RAW_ch01.tif:04582-09650,12.309,2.634,0.349,1.786,3.364,12.372
110,Result of BEFORE_GA3_B2 Region1_Merged_RAW_ch01.tif:04603-04819,15.182,3.696,0.515,2.818,4.700,14.339
111,Result of BEFORE_GA3_B2 Region1_Merged_RAW_ch01.tif:04609-09233,18.464,2.686,0.519,1.864,3.812,15.464
112,Result of BEFORE_GA3_B2 Region1_Merged_RAW_ch01.tif:04616-07322,4.924,2.442,0.155,2.143,2.667,7.622
113,Result of BEFORE_GA3_B2 Region1_Merged_RAW_ch01.tif:04677-01682,6.565,1.499,0.218,1.125,1.958,8.528
114,Result of BEFORE_GA3_B2 Region1_Merged_RAW_ch01.tif:04680-05171,0.410,3.857,0.000,3.857,3.857,2.562
115,Result of BEFORE_GA3_B2 Region1_Merged_RAW_ch01.tif:04740-07192,7.796,2.044,0.320,1.450,2.643,9.654
116,Result of BEFORE_GA3_B2 Region1_Merged_RAW_ch01.tif:04744-04279,0.410,1.800,0.000,1.800,1.800,2.562
117,Result of BEFORE_GA3_B2 Region1_Merged_RAW_ch01.tif:04745-04274,0.410,2.273,0.000,2.273,2.273,2.562
118,Result of BEFORE_GA3_B2 Region1_Merged_RAW_ch01.tif:04747-04271,0.821,2.153,0.570,1.750,2.556,3.843
119,Result of BEFORE_GA3_B2 Region1_Merged_RAW_ch01.tif:04748-07185,12.309,2.181,0.280,1.706,2.714,16.370
120,Result of BEFORE_GA3_B2 Region1_Merged_RAW_ch01.tif:04760-07036,9.027,1.727,0.362,1.025,2.438,10.715
121,Result of BEFORE_GA3_B2 Region1_Merged_RAW_ch01.tif:04777-06921,14.361,2.812,0.639,1.650,3.824,15.089
122,Result of BEFORE_GA3_B2 Region1_Merged_RAW_ch01.tif:04786-05055,25.850,2.787,0.485,1.842,3.929,18.557
123,Result of BEFORE_GA3_B2 Region1_Merged_RAW_ch01.tif:04801-05340,21.747,2.812,0.608,2.000,4.667,16.901
124,Result of BEFORE_GA3_B2 Region1_Merged_RAW_ch01.tif:04809-09577,18.874,3.178,0.742,1.667,4.545,16.370
125,Result of BEFORE_GA3_B2 Region1_Merged_RAW_ch01.tif:04817-07165,15.592,3.059,0.834,1.800,4.875,14.559
126,Result of BEFORE_GA3_B2 Region1_Merged_RAW_ch01.tif:04821-02076,11.078,2.070,0.317,1.474,2.789,11.466
127,Result of BEFORE_GA3_B2 Region1_Merged_RAW_ch01.tif:04852-02064,4.513,0.889,0.165,0.679,1.194,7.622
128,Result of BEFORE_GA3_B2 Region1_Merged_RAW_ch01.tif:04855-01877,17.233,1.882,0.312,1.259,2.750,17.807
129,Result of BEFORE_GA3_B2 Region1_Merged_RAW_ch01.tif:04864-04239,4.924,1.492,0.352,1.000,2.000,8.528
130,Result of BEFORE_GA3_B2 Region1_Merged_RAW_ch01.tif:04863-05160,33.646,4.001,1.441,1.889,8.111,20.589
131,Result of BEFORE_GA3_B2 Region1_Merged_RAW_ch01.tif:04877-06948,33.646,2.033,0.308,1.458,2.765,21.650
132,Result of BEFORE_GA3_B2 Region1_Merged_RAW_ch01.tif:04881-08906,2.872,1.897,0.132,1.750,2.167,5.811
133,Result of BEFORE_GA3_B2 Region1_Merged_RAW_ch01.tif:04893-01955,23.798,2.664,0.443,1.700,3.818,19.463
134,Result of BEFORE_GA3_B2 Region1_Merged_RAW_ch01.tif:04900-03188,33.646,2.769,0.571,1.733,4.929,21.275
135,Result of BEFORE_GA3_B2 Region1_Merged_RAW_ch01.tif:04903-05026,36.518,2.604,0.622,1.333,4.375,22.711
136,Result of BEFORE_GA3_B2 Region1_Merged_RAW_ch01.tif:04918-05675,5.334,1.996,0.203,1.650,2.316,7.998
137,Result of BEFORE_GA3_B2 Region1_Merged_RAW_ch01.tif:04928-02091,0.410,3.125,0.000,3.125,3.125,2.562
138,Result of BEFORE_GA3_B2 Region1_Merged_RAW_ch01.tif:04933-02097,32.415,2.432,0.747,1.421,4.429,22.181
139,Result of BEFORE_GA3_B2 Region1_Merged_RAW_ch01.tif:04942-04746,20.516,1.675,0.285,1.114,2.128,16.526
140,Result of BEFORE_GA3_B2 Region1_Merged_RAW_ch01.tif:04944-02219,14.361,2.946,0.834,1.857,5.250,14.714
141,Result of BEFORE_GA3_B2 Region1_Merged_RAW_ch01.tif:04951-06598,2.052,2.341,0.455,1.833,2.800,4.905
142,Result of BEFORE_GA3_B2 Region1_Merged_RAW_ch01.tif:04955-06597,10.668,1.692,0.280,1.190,2.500,16.526
143,Result of BEFORE_GA3_B2 Region1_Merged_RAW_ch01.tif:04965-07692,18.464,2.597,0.572,1.185,3.714,15.995
144,Result of BEFORE_GA3_B2 Region1_Merged_RAW_ch01.tif:04980-04089,12.309,1.498,0.213,1.188,2.000,11.996
145,Result of BEFORE_GA3_B2 Region1_Merged_RAW_ch01.tif:04989-06282,19.285,1.647,0.291,1.129,2.143,15.620
146,Result of BEFORE_GA3_B2 Region1_Merged_RAW_ch01.tif:04990-08959,47.596,2.445,0.717,1.156,4.228,25.649
147,Result of BEFORE_GA3_B2 Region1_Merged_RAW_ch01.tif:05009-09954,13.951,2.607,0.526,1.632,3.882,13.277
148,Result of BEFORE_GA3_B2 Region1_Merged_RAW_ch01.tif:05012-05872,27.491,2.597,0.592,1.200,4.333,21.806
149,Result of BEFORE_GA3_B2 Region1_Merged_RAW_ch01.tif:05053-05637,5.334,2.130,0.256,1.875,2.667,10.340
150,Result of BEFORE_GA3_B2 Region1_Merged_RAW_ch01.tif:05073-06191,16.002,1.866,0.422,1.136,2.611,16.150
151,Result of BEFORE_GA3_B2 Region1_Merged_RAW_ch01.tif:05092-10618,0.410,3.000,0.000,3.000,3.000,2.562
152,Result of BEFORE_GA3_B2 Region1_Merged_RAW_ch01.tif:05092-06559,7.796,1.879,0.239,1.429,2.400,11.466
153,Result of BEFORE_GA3_B2 Region1_Merged_RAW_ch01.tif:05104-10616,0.410,1.500,0.000,1.500,1.500,2.562
154,Result of BEFORE_GA3_B2 Region1_Merged_RAW_ch01.tif:05102-10621,65.650,2.017,0.392,1.143,3.364,32.365
155,Result of BEFORE_GA3_B2 Region1_Merged_RAW_ch01.tif:05105-04978,19.695,2.081,0.340,1.438,3.133,18.182
156,Result of BEFORE_GA3_B2 Region1_Merged_RAW_ch01.tif:05110-06197,33.646,2.668,0.550,1.455,4.077,21.806
157,Result of BEFORE_GA3_B2 Region1_Merged_RAW_ch01.tif:05178-06115,19.695,2.215,0.362,1.407,3.048,15.995
158,Result of BEFORE_GA3_B2 Region1_Merged_RAW_ch01.tif:05204-05634,6.155,3.691,0.515,2.889,4.556,8.903
159,Result of BEFORE_GA3_B2 Region1_Merged_RAW_ch01.tif:05264-06236,11.899,2.257,0.362,1.583,3.500,12.902
160,Result of BEFORE_GA3_B2 Region1_Merged_RAW_ch01.tif:05289-02198,29.132,2.418,0.456,1.556,3.429,20.369
161,Result of BEFORE_GA3_B2 Region1_Merged_RAW_ch01.tif:05311-04577,3.283,2.643,0.281,2.286,3.222,5.811
162,Result of BEFORE_GA3_B2 Region1_Merged_RAW_ch01.tif:05337-05430,16.002,2.093,0.420,1.364,2.875,16.150
163,Result of BEFORE_GA3_B2 Region1_Merged_RAW_ch01.tif:05379-06675,5.334,3.389,0.768,1.889,4.700,7.998
164,Result of BEFORE_GA3_B2 Region1_Merged_RAW_ch01.tif:05427-09443,36.928,2.181,0.999,0.833,5.125,22.025
165,Result of BEFORE_GA3_B2 Region1_Merged_RAW_ch01.tif:05437-08766,14.771,3.203,0.865,1.667,4.833,15.995
166,Result of BEFORE_GA3_B2 Region1_Merged_RAW_ch01.tif:05513-04610,32.415,1.899,0.358,0.972,2.800,21.120
167,Result of BEFORE_GA3_B2 Region1_Merged_RAW_ch01.tif:05516-02273,23.388,2.540,0.537,1.417,3.733,17.276
168,Result of BEFORE_GA3_B2 Region1_Merged_RAW_ch01.tif:05643-06445,52.520,2.025,0.566,1.300,3.900,26.024
169,Result of BEFORE_GA3_B2 Region1_Merged_RAW_ch01.tif:05734-02087,4.924,3.114,0.385,2.700,4.000,7.622
170,Result of BEFORE_GA3_B2 Region1_Merged_RAW_ch01.tif:05741-01755,5.334,2.008,0.401,1.444,3.000,7.998
171,Result of BEFORE_GA3_B2 Region1_Merged_RAW_ch01.tif:05752-04792,29.543,2.970,0.576,1.353,4.688,19.463
172,Result of BEFORE_GA3_B2 Region1_Merged_RAW_ch01.tif:05766-11075,2.872,2.391,0.457,2.000,3.333,5.811
173,Result of BEFORE_GA3_B2 Region1_Merged_RAW_ch01.tif:05765-05929,17.643,1.825,0.495,1.000,2.700,15.089
174,Result of BEFORE_GA3_B2 Region1_Merged_RAW_ch01.tif:05767-01960,8.617,2.463,0.308,1.941,3.000,9.809
175,Result of BEFORE_GA3_B2 Region1_Merged_RAW_ch01.tif:05767-08492,6.565,1.752,0.434,1.000,2.500,9.809
176,Result of BEFORE_GA3_B2 Region1_Merged_RAW_ch01.tif:05782-01878,52.110,2.172,0.630,1.042,3.562,28.962
177,Result of BEFORE_GA3_B2 Region1_Merged_RAW_ch01.tif:05847-02318,42.262,2.907,0.689,1.818,4.615,23.993
178,Result of BEFORE_GA3_B2 Region1_Merged_RAW_ch01.tif:05863-02862,13.540,2.185,0.458,1.542,2.913,13.277
179,Result of BEFORE_GA3_B2 Region1_Merged_RAW_ch01.tif:05864-01837,28.312,2.696,0.521,1.632,3.895,19.838
180,Result of BEFORE_GA3_B2 Region1_Merged_RAW_ch01.tif:05947-06237,13.951,1.800,0.209,1.300,2.167,13.433
181,Result of BEFORE_GA3_B2 Region1_Merged_RAW_ch01.tif:05952-05267,23.388,1.946,0.247,1.273,2.471,17.121
182,Result of BEFORE_GA3_B2 Region1_Merged_RAW_ch01.tif:05961-03410,0.410,1.600,0.000,1.600,1.600,2.562
183,Result of BEFORE_GA3_B2 Region1_Merged_RAW_ch01.tif:05964-03409,0.821,1.458,0.059,1.417,1.500,3.843
184,Result of BEFORE_GA3_B2 Region1_Merged_RAW_ch01.tif:05963-03409,36.928,1.918,0.428,1.111,3.000,28.897
185,Result of BEFORE_GA3_B2 Region1_Merged_RAW_ch01.tif:05970-03382,20.105,3.334,0.973,1.583,5.800,16.370
186,Result of BEFORE_GA3_B2 Region1_Merged_RAW_ch01.tif:05975-03111,17.233,2.063,0.350,1.250,2.895,15.089
187,Result of BEFORE_GA3_B2 Region1_Merged_RAW_ch01.tif:05978-06180,8.617,1.677,0.150,1.476,1.950,10.560
188,Result of BEFORE_GA3_B2 Region1_Merged_RAW_ch01.tif:05977-03329,64.009,2.187,0.644,1.157,4.462,32.210
189,Result of BEFORE_GA3_B2 Region1_Merged_RAW_ch01.tif:05993-02915,14.361,2.955,0.508,2.056,4.077,13.808
190,Result of BEFORE_GA3_B2 Region1_Merged_RAW_ch01.tif:05993-03027,15.592,1.774,0.208,1.389,2.235,14.339
191,Result of BEFORE_GA3_B2 Region1_Merged_RAW_ch01.tif:05997-05802,27.081,2.838,0.598,1.500,4.083,19.463
192,Result of BEFORE_GA3_B2 Region1_Merged_RAW_ch01.tif:06005-03201,38.980,2.278,0.433,1.364,3.533,22.556
193,Result of BEFORE_GA3_B2 Region1_Merged_RAW_ch01.tif:06020-05932,27.901,1.816,0.410,1.032,2.917,19.243
194,Result of BEFORE_GA3_B2 Region1_Merged_RAW_ch01.tif:06039-05698,4.924,2.824,0.556,1.875,3.750,7.622
195,Result of BEFORE_GA3_B2 Region1_Merged_RAW_ch01.tif:06048-02070,54.982,2.347,0.392,1.556,3.750,28.367
196,Result of BEFORE_GA3_B2 Region1_Merged_RAW_ch01.tif:06086-01957,50.468,2.262,0.458,1.300,3.129,26.399
197,Result of BEFORE_GA3_B2 Region1_Merged_RAW_ch01.tif:06092-04285,34.056,2.492,0.718,1.312,4.000,21.120
198,Result of BEFORE_GA3_B2 Region1_Merged_RAW_ch01.tif:06094-04642,31.594,2.876,0.694,1.625,4.533,20.369
199,Result of BEFORE_GA3_B2 Region1_Merged_RAW_ch01.tif:06166-03382,32.004,2.599,0.871,1.207,5.000,21.430
200,Result of BEFORE_GA3_B2 Region1_Merged_RAW_ch01.tif:06211-03946,2.462,2.404,0.157,2.200,2.667,5.435
201,Result of BEFORE_GA3_B2 Region1_Merged_RAW_ch01.tif:06227-05591,28.312,2.543,0.592,1.385,4.176,20.900
202,Result of BEFORE_GA3_B2 Region1_Merged_RAW_ch01.tif:06241-10887,27.901,2.802,0.550,1.643,4.857,19.619
203,Result of BEFORE_GA3_B2 Region1_Merged_RAW_ch01.tif:06249-01834,34.056,3.104,0.779,1.800,5.353,21.806
204,Result of BEFORE_GA3_B2 Region1_Merged_RAW_ch01.tif:06253-05945,44.724,2.239,0.462,1.214,3.607,24.743
205,Result of BEFORE_GA3_B2 Region1_Merged_RAW_ch01.tif:06273-03151,1.231,2.047,0.227,1.786,2.200,3.624
206,Result of BEFORE_GA3_B2 Region1_Merged_RAW_ch01.tif:06271-03134,34.466,2.381,0.609,1.267,4.000,22.025
207,Result of BEFORE_GA3_B2 Region1_Merged_RAW_ch01.tif:06276-03146,4.103,2.043,0.302,1.533,2.500,7.998
208,Result of BEFORE_GA3_B2 Region1_Merged_RAW_ch01.tif:06297-02185,5.334,2.313,0.479,1.571,3.429,7.998
209,Result of BEFORE_GA3_B2 Region1_Merged_RAW_ch01.tif:06311-05691,9.848,1.467,0.275,0.966,1.913,11.090
210,Result of BEFORE_GA3_B2 Region1_Merged_RAW_ch01.tif:06316-10479,18.874,1.471,0.333,0.949,2.235,16.370
211,Result of BEFORE_GA3_B2 Region1_Merged_RAW_ch01.tif:06322-01795,25.029,2.307,0.497,1.312,3.643,18.182
212,Result of BEFORE_GA3_B2 Region1_Merged_RAW_ch01.tif:06373-04207,34.877,2.746,0.495,1.800,3.933,22.336
213,Result of BEFORE_GA3_B2 Region1_Merged_RAW_ch01.tif:06384-03423,14.771,2.763,0.486,1.846,3.900,14.714
214,Result of BEFORE_GA3_B2 Region1_Merged_RAW_ch01.tif:06463-00621,9.437,2.144,0.382,1.300,2.800,12.152
215,Result of BEFORE_GA3_B2 Region1_Merged_RAW_ch01.tif:06494-02798,6.975,2.537,0.475,1.900,3.857,9.434
216,Result of BEFORE_GA3_B2 Region1_Merged_RAW_ch01.tif:06492-01061,36.928,3.005,0.670,1.750,4.471,22.711
217,Result of BEFORE_GA3_B2 Region1_Merged_RAW_ch01.tif:06495-03035,69.753,1.978,0.496,1.033,3.609,32.210
218,Result of BEFORE_GA3_B2 Region1_Merged_RAW_ch01.tif:06555-03223,3.693,1.804,0.366,1.500,2.571,11.090
219,Result of BEFORE_GA3_B2 Region1_Merged_RAW_ch01.tif:06559-04252,29.543,2.621,0.492,1.812,4.077,19.619
220,Result of BEFORE_GA3_B2 Region1_Merged_RAW_ch01.tif:06565-10883,28.722,2.756,0.698,1.357,4.500,19.838
221,Result of BEFORE_GA3_B2 Region1_Merged_RAW_ch01.tif:06574-00202,26.670,2.097,0.249,1.476,2.667,18.557
222,Result of BEFORE_GA3_B2 Region1_Merged_RAW_ch01.tif:06572-02742,66.881,2.080,0.637,1.167,4.167,38.707
223,Result of BEFORE_GA3_B2 Region1_Merged_RAW_ch01.tif:06580-01278,8.206,3.070,0.515,2.111,4.000,10.340
224,Result of BEFORE_GA3_B2 Region1_Merged_RAW_ch01.tif:06582-05971,2.462,2.122,0.183,1.857,2.400,6.406
225,Result of BEFORE_GA3_B2 Region1_Merged_RAW_ch01.tif:06586-08448,28.722,2.731,0.524,1.692,4.143,19.838
226,Result of BEFORE_GA3_B2 Region1_Merged_RAW_ch01.tif:06600-02999,0.821,2.434,0.486,2.091,2.778,3.843
227,Result of BEFORE_GA3_B2 Region1_Merged_RAW_ch01.tif:06606-01239,29.953,2.871,0.783,1.400,6.600,20.214
228,Result of BEFORE_GA3_B2 Region1_Merged_RAW_ch01.tif:06645-02836,0.410,1.692,0.000,1.692,1.692,2.562
229,Result of BEFORE_GA3_B2 Region1_Merged_RAW_ch01.tif:06645-02837,12.309,2.535,0.546,1.692,3.667,15.620
230,Result of BEFORE_GA3_B2 Region1_Merged_RAW_ch01.tif:06647-09743,51.699,2.516,0.698,1.358,4.429,26.930
231,Result of BEFORE_GA3_B2 Region1_Merged_RAW_ch01.tif:06660-04279,11.899,2.537,0.422,1.900,3.857,14.339
232,Result of BEFORE_GA3_B2 Region1_Merged_RAW_ch01.tif:06730-03615,32.825,2.965,0.572,1.786,4.267,20.900
233,Result of BEFORE_GA3_B2 Region1_Merged_RAW_ch01.tif:06745-05274,0.410,2.222,0.000,2.222,2.222,2.562
234,Result of BEFORE_GA3_B2 Region1_Merged_RAW_ch01.tif:06749-05276,6.565,2.512,0.401,1.857,3.125,9.279
235,Result of BEFORE_GA3_B2 Region1_Merged_RAW_ch01.tif:06753-04189,4.513,1.820,0.334,1.417,2.316,7.092
236,Result of BEFORE_GA3_B2 Region1_Merged_RAW_ch01.tif:06754-01680,27.081,2.262,0.474,1.037,3.273,19.463
237,Result of BEFORE_GA3_B2 Region1_Merged_RAW_ch01.tif:06757-09629,37.338,2.096,0.501,1.242,3.700,23.087
238,Result of BEFORE_GA3_B2 Region1_Merged_RAW_ch01.tif:06790-03168,48.827,2.750,0.754,1.481,5.222,25.494
239,Result of BEFORE_GA3_B2 Region1_Merged_RAW_ch01.tif:06800-03317,71.394,2.102,0.383,1.290,3.636,39.302
240,Result of BEFORE_GA3_B2 Region1_Merged_RAW_ch01.tif:06803-05298,26.260,2.825,0.474,1.818,4.091,18.557
241,Result of BEFORE_GA3_B2 Region1_Merged_RAW_ch01.tif:06826-01388,15.182,1.635,0.283,1.250,2.500,14.714
242,Result of BEFORE_GA3_B2 Region1_Merged_RAW_ch01.tif:06859-01191,11.899,1.995,0.470,1.143,3.167,19.994
243,Result of BEFORE_GA3_B2 Region1_Merged_RAW_ch01.tif:06902-01897,2.872,2.510,0.354,1.900,2.875,6.186
244,Result of BEFORE_GA3_B2 Region1_Merged_RAW_ch01.tif:06901-02595,13.130,1.701,0.238,1.182,2.250,13.277
245,Result of BEFORE_GA3_B2 Region1_Merged_RAW_ch01.tif:06925-01329,25.439,2.242,0.486,1.167,3.571,20.369
246,Result of BEFORE_GA3_B2 Region1_Merged_RAW_ch01.tif:06989-08628,15.592,3.334,0.667,2.000,4.571,14.183
247,Result of BEFORE_GA3_B2 Region1_Merged_RAW_ch01.tif:07001-04259,29.132,3.161,0.778,1.875,4.833,19.308
248,Result of BEFORE_GA3_B2 Region1_Merged_RAW_ch01.tif:07016-01166,22.157,2.513,0.480,1.571,3.625,16.901
249,Result of BEFORE_GA3_B2 Region1_Merged_RAW_ch01.tif:07018-01916,22.157,1.946,0.281,1.368,2.600,17.807
250,Result of BEFORE_GA3_B2 Region1_Merged_RAW_ch01.tif:07045-02043,33.646,3.282,0.746,1.667,5.167,21.806
251,Result of BEFORE_GA3_B2 Region1_Merged_RAW_ch01.tif:07065-04251,11.899,2.808,0.536,2.000,3.947,12.152
252,Result of BEFORE_GA3_B2 Region1_Merged_RAW_ch01.tif:07073-07124,22.567,1.975,0.349,1.273,2.655,17.807
253,Result of BEFORE_GA3_B2 Region1_Merged_RAW_ch01.tif:07076-02262,24.619,3.211,0.775,1.941,5.056,18.182
254,Result of BEFORE_GA3_B2 Region1_Merged_RAW_ch01.tif:07083-04149,31.184,2.766,0.657,1.682,4.429,20.214
255,Result of BEFORE_GA3_B2 Region1_Merged_RAW_ch01.tif:07120-09438,34.877,1.568,0.435,0.696,3.056,21.650
256,Result of BEFORE_GA3_B2 Region1_Merged_RAW_ch01.tif:07220-05210,28.722,1.584,0.287,1.176,2.389,19.088
257,Result of BEFORE_GA3_B2 Region1_Merged_RAW_ch01.tif:07232-01493,28.722,2.363,0.616,1.188,3.739,20.369
258,Result of BEFORE_GA3_B2 Region1_Merged_RAW_ch01.tif:07235-04080,79.601,2.892,1.267,0.913,6.100,33.646
259,Result of BEFORE_GA3_B2 Region1_Merged_RAW_ch01.tif:07250-06369,27.491,3.244,0.756,1.800,5.000,19.088
260,Result of BEFORE_GA3_B2 Region1_Merged_RAW_ch01.tif:07289-02863,18.464,1.967,0.348,1.400,2.769,15.840
261,Result of BEFORE_GA3_B2 Region1_Merged_RAW_ch01.tif:07288-03897,73.856,2.625,0.549,1.458,4.000,32.055
262,Result of BEFORE_GA3_B2 Region1_Merged_RAW_ch01.tif:07330-09417,47.186,2.324,0.624,1.125,4.700,26.024
263,Result of BEFORE_GA3_B2 Region1_Merged_RAW_ch01.tif:07336-03850,21.747,2.610,0.524,1.636,3.783,16.901
264,Result of BEFORE_GA3_B2 Region1_Merged_RAW_ch01.tif:07347-09837,20.105,3.028,0.599,2.133,4.571,15.995
265,Result of BEFORE_GA3_B2 Region1_Merged_RAW_ch01.tif:07351-03867,26.260,3.029,0.664,1.833,4.083,18.557
266,Result of BEFORE_GA3_B2 Region1_Merged_RAW_ch01.tif:07416-02925,1.641,1.342,0.228,1.080,1.562,4.905
267,Result of BEFORE_GA3_B2 Region1_Merged_RAW_ch01.tif:07449-04851,28.312,2.171,0.359,1.500,2.857,21.055
268,Result of BEFORE_GA3_B2 Region1_Merged_RAW_ch01.tif:07468-03779,6.975,1.939,0.216,1.588,2.357,10.185
269,Result of BEFORE_GA3_B2 Region1_Merged_RAW_ch01.tif:07468-03927,13.540,3.359,0.906,2.143,5.211,12.902
270,Result of BEFORE_GA3_B2 Region1_Merged_RAW_ch01.tif:07605-11118,60.316,1.584,0.404,1.000,2.929,29.272
271,Result of BEFORE_GA3_B2 Region1_Merged_RAW_ch01.tif:07612-01602,25.029,1.885,0.383,1.057,2.571,18.182
272,Result of BEFORE_GA3_B2 Region1_Merged_RAW_ch01.tif:07617-03293,2.052,1.861,0.260,1.556,2.143,4.529
273,Result of BEFORE_GA3_B2 Region1_Merged_RAW_ch01.tif:07618-03296,0.410,1.643,0.000,1.643,1.643,2.562
274,Result of BEFORE_GA3_B2 Region1_Merged_RAW_ch01.tif:07618-03929,0.821,2.660,0.304,2.444,2.875,3.843
275,Result of BEFORE_GA3_B2 Region1_Merged_RAW_ch01.tif:07621-03175,1.231,2.644,0.403,2.333,3.100,3.624
276,Result of BEFORE_GA3_B2 Region1_Merged_RAW_ch01.tif:07621-03177,0.410,2.083,0.000,2.083,2.083,2.562
277,Result of BEFORE_GA3_B2 Region1_Merged_RAW_ch01.tif:07630-04048,7.386,2.489,0.534,1.727,3.625,11.530
278,Result of BEFORE_GA3_B2 Region1_Merged_RAW_ch01.tif:07645-02994,43.493,2.770,0.554,1.733,4.077,23.462
279,Result of BEFORE_GA3_B2 Region1_Merged_RAW_ch01.tif:07650-03678,9.437,1.546,0.369,0.963,2.364,10.715
280,Result of BEFORE_GA3_B2 Region1_Merged_RAW_ch01.tif:07655-04047,2.872,2.162,0.367,1.600,2.714,6.716
281,Result of BEFORE_GA3_B2 Region1_Merged_RAW_ch01.tif:07680-01708,21.747,2.521,0.432,1.714,3.529,17.807
282,Result of BEFORE_GA3_B2 Region1_Merged_RAW_ch01.tif:07690-07157,4.513,1.494,0.172,1.273,1.875,8.528
283,Result of BEFORE_GA3_B2 Region1_Merged_RAW_ch01.tif:07710-04049,3.283,1.934,0.243,1.750,2.429,6.341
284,Result of BEFORE_GA3_B2 Region1_Merged_RAW_ch01.tif:07714-03152,36.518,2.622,0.663,1.409,4.172,22.556
285,Result of BEFORE_GA3_B2 Region1_Merged_RAW_ch01.tif:07781-09068,23.798,1.968,0.448,1.242,3.455,19.243
286,Result of BEFORE_GA3_B2 Region1_Merged_RAW_ch01.tif:07799-09337,2.872,1.878,0.427,1.550,2.700,5.811
287,Result of BEFORE_GA3_B2 Region1_Merged_RAW_ch01.tif:07818-01662,17.233,2.478,0.566,1.300,4.300,15.089
288,Result of BEFORE_GA3_B2 Region1_Merged_RAW_ch01.tif:07816-02922,32.825,3.616,0.805,1.900,5.571,20.900
289,Result of BEFORE_GA3_B2 Region1_Merged_RAW_ch01.tif:07830-02750,24.208,1.586,0.424,0.929,2.636,18.557
290,Result of BEFORE_GA3_B2 Region1_Merged_RAW_ch01.tif:07837-02966,28.312,1.918,0.328,1.333,2.933,19.994
291,Result of BEFORE_GA3_B2 Region1_Merged_RAW_ch01.tif:07843-04446,0.410,3.167,0.000,3.167,3.167,2.562
292,Result of BEFORE_GA3_B2 Region1_Merged_RAW_ch01.tif:07843-04436,13.951,2.041,0.297,1.467,2.600,15.464
293,Result of BEFORE_GA3_B2 Region1_Merged_RAW_ch01.tif:07842-04156,34.056,3.203,0.648,2.077,5.900,21.806
294,Result of BEFORE_GA3_B2 Region1_Merged_RAW_ch01.tif:07851-04442,0.410,1.778,0.000,1.778,1.778,2.562
295,Result of BEFORE_GA3_B2 Region1_Merged_RAW_ch01.tif:07859-04859,9.437,2.681,0.577,1.600,3.750,11.090
296,Result of BEFORE_GA3_B2 Region1_Merged_RAW_ch01.tif:07861-03579,34.466,2.343,0.540,1.176,3.611,21.120
297,Result of BEFORE_GA3_B2 Region1_Merged_RAW_ch01.tif:07878-03073,29.543,1.909,0.451,1.050,3.250,21.275
298,Result of BEFORE_GA3_B2 Region1_Merged_RAW_ch01.tif:07888-09312,11.899,2.228,0.447,1.733,3.600,12.747
299,Result of BEFORE_GA3_B2 Region1_Merged_RAW_ch01.tif:07905-09492,2.462,2.149,0.177,1.909,2.375,6.186
300,Result of BEFORE_GA3_B2 Region1_Merged_RAW_ch01.tif:07910-09505,6.155,2.050,0.426,1.300,2.750,10.340
301,Result of BEFORE_GA3_B2 Region1_Merged_RAW_ch01.tif:07910-09478,14.361,2.209,0.552,1.357,3.375,15.464
302,Result of BEFORE_GA3_B2 Region1_Merged_RAW_ch01.tif:07915-09507,0.410,2.571,0.000,2.571,2.571,2.562
303,Result of BEFORE_GA3_B2 Region1_Merged_RAW_ch01.tif:07913-05206,16.823,1.380,0.365,0.778,2.364,15.089
304,Result of BEFORE_GA3_B2 Region1_Merged_RAW_ch01.tif:07920-09472,2.052,1.938,0.305,1.667,2.455,4.529
305,Result of BEFORE_GA3_B2 Region1_Merged_RAW_ch01.tif:07924-09508,4.513,2.681,0.531,1.818,3.857,7.247
306,Result of BEFORE_GA3_B2 Region1_Merged_RAW_ch01.tif:07924-09512,2.462,2.002,0.514,1.333,2.857,5.811
307,Result of BEFORE_GA3_B2 Region1_Merged_RAW_ch01.tif:07927-06962,9.027,2.107,0.318,1.400,2.625,11.090
308,Result of BEFORE_GA3_B2 Region1_Merged_RAW_ch01.tif:07930-09505,4.103,2.552,0.342,2.000,3.250,7.092
309,Result of BEFORE_GA3_B2 Region1_Merged_RAW_ch01.tif:07931-04350,6.155,2.716,0.416,2.182,3.556,8.528
310,Result of BEFORE_GA3_B2 Region1_Merged_RAW_ch01.tif:07936-09508,4.924,2.039,0.515,1.312,2.750,8.153
311,Result of BEFORE_GA3_B2 Region1_Merged_RAW_ch01.tif:07933-09484,139.506,2.660,0.722,1.267,5.500,57.044
312,Result of BEFORE_GA3_B2 Region1_Merged_RAW_ch01.tif:07941-09497,22.157,2.398,0.612,1.455,4.091,19.088
313,Result of BEFORE_GA3_B2 Region1_Merged_RAW_ch01.tif:07945-06939,25.850,1.922,0.536,0.907,3.033,19.463
314,Result of BEFORE_GA3_B2 Region1_Merged_RAW_ch01.tif:07986-05152,0.410,1.700,0.000,1.700,1.700,2.562
315,Result of BEFORE_GA3_B2 Region1_Merged_RAW_ch01.tif:07987-05156,4.103,1.768,0.185,1.500,2.125,9.809
316,Result of BEFORE_GA3_B2 Region1_Merged_RAW_ch01.tif:07988-05159,0.410,1.500,0.000,1.500,1.500,2.562
317,Result of BEFORE_GA3_B2 Region1_Merged_RAW_ch01.tif:07990-09239,8.206,2.184,0.361,1.667,3.000,10.185
318,Result of BEFORE_GA3_B2 Region1_Merged_RAW_ch01.tif:07994-05147,1.231,2.333,0.289,2.000,2.500,3.624
319,Result of BEFORE_GA3_B2 Region1_Merged_RAW_ch01.tif:07998-05157,2.462,2.034,0.513,1.111,2.429,7.092
320,Result of BEFORE_GA3_B2 Region1_Merged_RAW_ch01.tif:08014-09084,13.540,1.927,0.292,1.292,2.435,13.277
321,Result of BEFORE_GA3_B2 Region1_Merged_RAW_ch01.tif:08030-09529,25.439,2.574,0.734,1.444,4.857,19.619
322,Result of BEFORE_GA3_B2 Region1_Merged_RAW_ch01.tif:08036-03294,0.821,1.040,0.113,0.960,1.120,3.843
323,Result of BEFORE_GA3_B2 Region1_Merged_RAW_ch01.tif:08050-06527,18.054,2.628,0.499,1.842,3.909,15.995
324,Result of BEFORE_GA3_B2 Region1_Merged_RAW_ch01.tif:08045-01890,118.580,2.215,0.552,1.200,4.000,48.516
325,Result of BEFORE_GA3_B2 Region1_Merged_RAW_ch01.tif:08052-05078,19.695,2.417,0.584,1.333,3.588,15.995
326,Result of BEFORE_GA3_B2 Region1_Merged_RAW_ch01.tif:08062-04173,28.312,1.834,0.396,1.229,2.692,19.463
327,Result of BEFORE_GA3_B2 Region1_Merged_RAW_ch01.tif:08066-01885,3.283,1.999,0.214,1.850,2.429,5.811
328,Result of BEFORE_GA3_B2 Region1_Merged_RAW_ch01.tif:08068-04394,19.285,2.800,0.646,1.429,4.133,15.995
329,Result of BEFORE_GA3_B2 Region1_Merged_RAW_ch01.tif:08069-03360,16.823,1.685,0.670,0.842,3.889,20.524
330,Result of BEFORE_GA3_B2 Region1_Merged_RAW_ch01.tif:08080-02378,10.668,1.931,0.295,1.375,2.667,12.527
331,Result of BEFORE_GA3_B2 Region1_Merged_RAW_ch01.tif:08083-03775,38.569,2.555,0.472,1.571,3.750,23.087
332,Result of BEFORE_GA3_B2 Region1_Merged_RAW_ch01.tif:08097-07034,1.231,2.012,0.227,1.750,2.143,4.529
333,Result of BEFORE_GA3_B2 Region1_Merged_RAW_ch01.tif:08096-07030,51.699,2.504,0.486,1.480,4.000,29.803
334,Result of BEFORE_GA3_B2 Region1_Merged_RAW_ch01.tif:08115-07937,9.848,3.440,0.770,2.250,4.769,10.715
335,Result of BEFORE_GA3_B2 Region1_Merged_RAW_ch01.tif:08119-10924,6.565,2.262,0.394,1.615,3.250,9.809
336,Result of BEFORE_GA3_B2 Region1_Merged_RAW_ch01.tif:08127-03357,14.361,2.969,0.620,1.929,4.111,13.277
337,Result of BEFORE_GA3_B2 Region1_Merged_RAW_ch01.tif:08134-06393,31.184,1.863,0.361,1.200,2.947,20.744
338,Result of BEFORE_GA3_B2 Region1_Merged_RAW_ch01.tif:08138-02137,24.619,2.630,0.540,1.379,3.931,18.402
339,Result of BEFORE_GA3_B2 Region1_Merged_RAW_ch01.tif:08148-03834,4.924,3.058,0.440,2.462,4.125,7.622
340,Result of BEFORE_GA3_B2 Region1_Merged_RAW_ch01.tif:08181-04665,3.693,2.825,0.400,2.125,3.400,8.528
341,Result of BEFORE_GA3_B2 Region1_Merged_RAW_ch01.tif:08185-08396,25.439,2.197,0.740,1.116,4.200,17.807
342,Result of BEFORE_GA3_B2 Region1_Merged_RAW_ch01.tif:08189-09578,28.312,2.711,0.594,1.500,4.000,20.369
343,Result of BEFORE_GA3_B2 Region1_Merged_RAW_ch01.tif:08199-03049,5.334,3.241,0.535,2.300,4.000,9.809
344,Result of BEFORE_GA3_B2 Region1_Merged_RAW_ch01.tif:08213-03285,29.132,2.146,0.577,1.000,3.533,19.838
345,Result of BEFORE_GA3_B2 Region1_Merged_RAW_ch01.tif:08234-03880,9.027,1.785,0.380,1.208,2.500,11.090
346,Result of BEFORE_GA3_B2 Region1_Merged_RAW_ch01.tif:08233-03447,34.466,1.570,0.256,1.045,2.500,24.898
347,Result of BEFORE_GA3_B2 Region1_Merged_RAW_ch01.tif:08245-02429,24.208,2.694,0.587,1.647,3.864,18.182
348,Result of BEFORE_GA3_B2 Region1_Merged_RAW_ch01.tif:08250-03792,9.437,2.545,0.343,1.875,3.455,11.466
349,Result of BEFORE_GA3_B2 Region1_Merged_RAW_ch01.tif:08270-05218,24.208,2.752,0.501,1.818,4.143,18.182
350,Result of BEFORE_GA3_B2 Region1_Merged_RAW_ch01.tif:08309-07898,26.260,1.187,0.201,0.792,2.053,18.182
351,Result of BEFORE_GA3_B2 Region1_Merged_RAW_ch01.tif:08312-08148,10.668,1.431,0.190,0.963,1.857,12.527
352,Result of BEFORE_GA3_B2 Region1_Merged_RAW_ch01.tif:08372-02181,22.567,2.342,0.348,1.667,3.333,16.746
353,Result of BEFORE_GA3_B2 Region1_Merged_RAW_ch01.tif:08395-09372,18.464,1.887,0.379,1.233,2.933,15.620
354,Result of BEFORE_GA3_B2 Region1_Merged_RAW_ch01.tif:08401-04043,6.155,2.088,0.413,1.444,2.875,10.185
355,Result of BEFORE_GA3_B2 Region1_Merged_RAW_ch01.tif:08411-02150,6.155,2.718,0.442,1.812,3.727,8.373
356,Result of BEFORE_GA3_B2 Region1_Merged_RAW_ch01.tif:08413-02224,4.924,2.439,0.402,1.923,3.100,7.622
357,Result of BEFORE_GA3_B2 Region1_Merged_RAW_ch01.tif:08432-07776,4.103,2.136,0.309,1.812,2.692,7.092
358,Result of BEFORE_GA3_B2 Region1_Merged_RAW_ch01.tif:08437-03144,60.316,3.276,0.884,1.550,5.320,28.742
359,Result of BEFORE_GA3_B2 Region1_Merged_RAW_ch01.tif:08443-07860,22.567,2.648,0.539,1.700,4.053,17.276
360,Result of BEFORE_GA3_B2 Region1_Merged_RAW_ch01.tif:08444-07763,48.417,2.042,0.372,1.167,3.000,28.897
361,Result of BEFORE_GA3_B2 Region1_Merged_RAW_ch01.tif:08453-02747,6.155,2.891,0.404,2.000,3.571,9.965
362,Result of BEFORE_GA3_B2 Region1_Merged_RAW_ch01.tif:08459-07984,22.567,2.309,0.515,1.444,3.556,17.276
363,Result of BEFORE_GA3_B2 Region1_Merged_RAW_ch01.tif:08464-07382,4.513,1.013,0.097,0.850,1.200,7.998
364,Result of BEFORE_GA3_B2 Region1_Merged_RAW_ch01.tif:08470-01119,11.078,2.061,0.366,1.333,2.800,11.996
365,Result of BEFORE_GA3_B2 Region1_Merged_RAW_ch01.tif:08478-04758,7.386,2.826,0.464,2.000,3.833,9.809
366,Result of BEFORE_GA3_B2 Region1_Merged_RAW_ch01.tif:08480-03609,11.899,2.109,0.321,1.611,2.833,12.902
367,Result of BEFORE_GA3_B2 Region1_Merged_RAW_ch01.tif:08514-09351,1.641,1.242,0.078,1.154,1.333,4.905
368,Result of BEFORE_GA3_B2 Region1_Merged_RAW_ch01.tif:08513-07706,13.540,2.278,0.374,1.611,3.000,13.433
369,Result of BEFORE_GA3_B2 Region1_Merged_RAW_ch01.tif:08516-09350,0.410,1.150,0.000,1.150,1.150,2.562
370,Result of BEFORE_GA3_B2 Region1_Merged_RAW_ch01.tif:08537-03395,23.798,2.245,0.484,1.000,3.343,18.182
371,Result of BEFORE_GA3_B2 Region1_Merged_RAW_ch01.tif:08547-04490,35.287,2.067,0.320,1.379,2.852,21.650
372,Result of BEFORE_GA3_B2 Region1_Merged_RAW_ch01.tif:08558-07609,59.085,2.133,0.703,0.938,4.097,32.210
373,Result of BEFORE_GA3_B2 Region1_Merged_RAW_ch01.tif:08589-09065,27.081,2.116,0.455,1.067,3.750,19.463
374,Result of BEFORE_GA3_B2 Region1_Merged_RAW_ch01.tif:08594-04505,50.468,2.601,0.527,1.433,4.045,26.024
375,Result of BEFORE_GA3_B2 Region1_Merged_RAW_ch01.tif:08616-08336,17.233,3.050,0.662,1.933,4.583,15.620
376,Result of BEFORE_GA3_B2 Region1_Merged_RAW_ch01.tif:08621-06718,40.211,1.905,0.731,0.744,3.444,25.274
377,Result of BEFORE_GA3_B2 Region1_Merged_RAW_ch01.tif:08628-10429,6.975,2.469,0.363,2.062,3.556,10.185
378,Result of BEFORE_GA3_B2 Region1_Merged_RAW_ch01.tif:08651-06681,3.283,1.670,0.171,1.438,1.923,7.622
379,Result of BEFORE_GA3_B2 Region1_Merged_RAW_ch01.tif:08656-06117,47.186,1.859,0.463,1.000,2.852,25.118
380,Result of BEFORE_GA3_B2 Region1_Merged_RAW_ch01.tif:08660-07736,29.953,2.670,0.695,1.120,3.758,20.369
381,Result of BEFORE_GA3_B2 Region1_Merged_RAW_ch01.tif:08660-07857,24.208,2.668,0.483,1.667,3.923,18.713
382,Result of BEFORE_GA3_B2 Region1_Merged_RAW_ch01.tif:08695-03632,1.641,3.999,1.022,2.818,5.286,4.905
383,Result of BEFORE_GA3_B2 Region1_Merged_RAW_ch01.tif:08692-06322,30.363,2.386,0.422,1.556,3.625,20.744
384,Result of BEFORE_GA3_B2 Region1_Merged_RAW_ch01.tif:08703-03633,34.056,1.816,0.628,0.792,3.700,22.776
385,Result of BEFORE_GA3_B2 Region1_Merged_RAW_ch01.tif:08718-04808,16.002,2.051,0.415,1.250,2.955,14.559
386,Result of BEFORE_GA3_B2 Region1_Merged_RAW_ch01.tif:08734-03559,60.726,1.831,0.624,0.845,4.000,29.803
387,Result of BEFORE_GA3_B2 Region1_Merged_RAW_ch01.tif:08747-06020,20.926,1.781,0.424,0.872,2.545,18.182
388,Result of BEFORE_GA3_B2 Region1_Merged_RAW_ch01.tif:08751-02741,2.462,3.009,0.364,2.385,3.400,6.716
389,Result of BEFORE_GA3_B2 Region1_Merged_RAW_ch01.tif:08759-03749,1.641,1.364,0.212,1.138,1.565,4.905
390,Result of BEFORE_GA3_B2 Region1_Merged_RAW_ch01.tif:08753-02528,70.163,1.843,0.304,0.892,2.512,30.929
391,Result of BEFORE_GA3_B2 Region1_Merged_RAW_ch01.tif:08763-04968,45.955,2.296,0.475,1.421,4.071,25.118
392,Result of BEFORE_GA3_B2 Region1_Merged_RAW_ch01.tif:08852-05127,16.002,3.384,0.565,2.333,4.625,14.559
393,Result of BEFORE_GA3_B2 Region1_Merged_RAW_ch01.tif:08868-04886,10.668,2.583,0.374,1.857,3.200,11.621
394,Result of BEFORE_GA3_B2 Region1_Merged_RAW_ch01.tif:08908-04313,12.720,3.487,0.563,2.308,4.800,12.372
395,Result of BEFORE_GA3_B2 Region1_Merged_RAW_ch01.tif:08919-07998,0.410,2.909,0.000,2.909,2.909,2.562
396,Result of BEFORE_GA3_B2 Region1_Merged_RAW_ch01.tif:08915-05038,54.161,2.561,0.596,1.300,4.211,26.930
397,Result of BEFORE_GA3_B2 Region1_Merged_RAW_ch01.tif:08919-08069,11.078,3.289,0.613,2.250,4.556,12.527
398,Result of BEFORE_GA3_B2 Region1_Merged_RAW_ch01.tif:08922-07996,6.975,2.381,0.377,1.800,2.923,12.527
399,Result of BEFORE_GA3_B2 Region1_Merged_RAW_ch01.tif:08938-05039,8.206,2.073,0.269,1.714,2.909,10.715
400,Result of BEFORE_GA3_B2 Region1_Merged_RAW_ch01.tif:08953-05530,31.594,2.009,0.329,1.273,2.789,20.744
401,Result of BEFORE_GA3_B2 Region1_Merged_RAW_ch01.tif:08966-05287,2.872,3.311,0.736,2.267,4.500,6.716
402,Result of BEFORE_GA3_B2 Region1_Merged_RAW_ch01.tif:08973-05218,0.821,1.767,0.064,1.722,1.812,3.843
403,Result of BEFORE_GA3_B2 Region1_Merged_RAW_ch01.tif:08973-05224,0.821,1.578,0.031,1.556,1.600,3.624
404,Result of BEFORE_GA3_B2 Region1_Merged_RAW_ch01.tif:08976-02448,14.361,2.833,0.430,1.692,3.778,13.277
405,Result of BEFORE_GA3_B2 Region1_Merged_RAW_ch01.tif:08983-09775,26.670,3.055,0.472,1.867,4.067,18.182
406,Result of BEFORE_GA3_B2 Region1_Merged_RAW_ch01.tif:08986-04972,12.309,2.790,0.427,1.688,3.600,13.277
407,Result of BEFORE_GA3_B2 Region1_Merged_RAW_ch01.tif:08990-08525,0.410,2.385,0.000,2.385,2.385,2.562
408,Result of BEFORE_GA3_B2 Region1_Merged_RAW_ch01.tif:08991-05716,9.437,2.611,0.672,1.412,4.769,11.621
409,Result of BEFORE_GA3_B2 Region1_Merged_RAW_ch01.tif:09015-05940,41.852,2.714,0.722,1.414,4.306,23.462
410,Result of BEFORE_GA3_B2 Region1_Merged_RAW_ch01.tif:09018-04921,37.749,3.572,1.064,1.429,6.750,22.556
411,Result of BEFORE_GA3_B2 Region1_Merged_RAW_ch01.tif:09024-03057,1.231,2.908,0.669,2.300,3.625,4.905
412,Result of BEFORE_GA3_B2 Region1_Merged_RAW_ch01.tif:09031-07004,5.744,1.266,0.146,1.000,1.500,7.998
413,Result of BEFORE_GA3_B2 Region1_Merged_RAW_ch01.tif:09035-04729,38.980,2.806,0.579,1.750,4.167,24.368
414,Result of BEFORE_GA3_B2 Region1_Merged_RAW_ch01.tif:09054-04468,35.697,1.806,0.348,1.027,2.600,22.711
415,Result of BEFORE_GA3_B2 Region1_Merged_RAW_ch01.tif:09081-05372,0.410,2.133,0.000,2.133,2.133,2.562
416,Result of BEFORE_GA3_B2 Region1_Merged_RAW_ch01.tif:09086-05372,6.155,0.926,0.150,0.581,1.091,8.903
417,Result of BEFORE_GA3_B2 Region1_Merged_RAW_ch01.tif:09094-05699,0.410,2.056,0.000,2.056,2.056,2.562
418,Result of BEFORE_GA3_B2 Region1_Merged_RAW_ch01.tif:09094-05701,0.410,1.250,0.000,1.250,1.250,2.562
419,Result of BEFORE_GA3_B2 Region1_Merged_RAW_ch01.tif:09094-05703,0.410,0.912,0.000,0.912,0.912,2.562
420,Result of BEFORE_GA3_B2 Region1_Merged_RAW_ch01.tif:09096-05698,1.231,1.373,0.138,1.250,1.522,4.905
421,Result of BEFORE_GA3_B2 Region1_Merged_RAW_ch01.tif:09095-05709,14.361,1.622,0.354,1.000,2.400,23.242
422,Result of BEFORE_GA3_B2 Region1_Merged_RAW_ch01.tif:09115-06838,48.417,1.921,0.581,1.067,3.875,26.180
423,Result of BEFORE_GA3_B2 Region1_Merged_RAW_ch01.tif:09135-07230,6.565,2.572,0.396,1.833,3.167,9.434
424,Result of BEFORE_GA3_B2 Region1_Merged_RAW_ch01.tif:09136-06780,19.285,2.937,0.588,1.750,4.143,16.370
425,Result of BEFORE_GA3_B2 Region1_Merged_RAW_ch01.tif:09139-03628,30.773,2.988,0.678,1.353,4.769,20.900
426,Result of BEFORE_GA3_B2 Region1_Merged_RAW_ch01.tif:09179-01529,41.442,2.182,0.409,1.320,3.273,24.212
427,Result of BEFORE_GA3_B2 Region1_Merged_RAW_ch01.tif:09190-05025,1.641,2.556,0.151,2.333,2.667,5.124
428,Result of BEFORE_GA3_B2 Region1_Merged_RAW_ch01.tif:09188-06181,15.592,2.387,0.300,1.647,3.000,15.089
429,Result of BEFORE_GA3_B2 Region1_Merged_RAW_ch01.tif:09191-06879,11.489,1.900,0.253,1.500,2.375,16.526
430,Result of BEFORE_GA3_B2 Region1_Merged_RAW_ch01.tif:09197-06390,73.446,2.179,0.450,1.310,3.850,32.960
431,Result of BEFORE_GA3_B2 Region1_Merged_RAW_ch01.tif:09234-08072,12.720,1.840,0.207,1.571,2.308,15.995
432,Result of BEFORE_GA3_B2 Region1_Merged_RAW_ch01.tif:09237-11437,3.283,2.190,0.319,1.769,2.667,7.622
433,Result of BEFORE_GA3_B2 Region1_Merged_RAW_ch01.tif:09243-09387,22.157,1.352,0.304,0.833,2.167,16.901
434,Result of BEFORE_GA3_B2 Region1_Merged_RAW_ch01.tif:09279-05022,8.206,1.282,0.374,0.838,2.364,19.243
435,Result of BEFORE_GA3_B2 Region1_Merged_RAW_ch01.tif:09279-02912,31.184,2.599,0.790,1.458,4.903,20.214
436,Result of BEFORE_GA3_B2 Region1_Merged_RAW_ch01.tif:09284-05020,0.410,2.067,0.000,2.067,2.067,2.562
437,Result of BEFORE_GA3_B2 Region1_Merged_RAW_ch01.tif:09285-02338,23.388,2.585,0.432,1.667,3.625,18.182
438,Result of BEFORE_GA3_B2 Region1_Merged_RAW_ch01.tif:09309-08975,0.410,2.833,0.000,2.833,2.833,2.562
439,Result of BEFORE_GA3_B2 Region1_Merged_RAW_ch01.tif:09310-03491,9.027,1.697,0.161,1.348,2.087,10.715
440,Result of BEFORE_GA3_B2 Region1_Merged_RAW_ch01.tif:09313-08990,0.821,1.647,0.107,1.571,1.722,3.843
441,Result of BEFORE_GA3_B2 Region1_Merged_RAW_ch01.tif:09315-08982,1.231,2.631,0.562,2.077,3.200,3.624
442,Result of BEFORE_GA3_B2 Region1_Merged_RAW_ch01.tif:09310-08987,69.343,1.892,0.477,1.000,4.111,52.890
443,Result of BEFORE_GA3_B2 Region1_Merged_RAW_ch01.tif:09317-06642,38.159,2.430,0.557,1.450,3.781,22.931
444,Result of BEFORE_GA3_B2 Region1_Merged_RAW_ch01.tif:09333-05226,20.516,2.070,0.416,1.294,3.200,16.526
445,Result of BEFORE_GA3_B2 Region1_Merged_RAW_ch01.tif:09358-04193,9.437,1.753,0.665,0.852,2.875,11.621
446,Result of BEFORE_GA3_B2 Region1_Merged_RAW_ch01.tif:09379-05727,33.646,2.716,0.597,1.550,5.071,21.120
447,Result of BEFORE_GA3_B2 Region1_Merged_RAW_ch01.tif:09383-06956,29.543,1.990,0.364,1.185,2.955,21.275
448,Result of BEFORE_GA3_B2 Region1_Merged_RAW_ch01.tif:09388-05585,19.285,2.690,0.601,1.500,4.143,16.215
449,Result of BEFORE_GA3_B2 Region1_Merged_RAW_ch01.tif:09411-06421,8.206,2.011,0.282,1.500,2.500,10.560
450,Result of BEFORE_GA3_B2 Region1_Merged_RAW_ch01.tif:09411-06665,4.513,1.914,0.306,1.350,2.400,8.528
451,Result of BEFORE_GA3_B2 Region1_Merged_RAW_ch01.tif:09428-08806,87.807,2.022,0.654,1.000,4.500,37.115
452,Result of BEFORE_GA3_B2 Region1_Merged_RAW_ch01.tif:09457-03151,62.368,2.285,0.702,1.111,4.600,29.803
453,Result of BEFORE_GA3_B2 Region1_Merged_RAW_ch01.tif:09470-07474,1.231,2.070,0.146,1.923,2.214,3.624
454,Result of BEFORE_GA3_B2 Region1_Merged_RAW_ch01.tif:09471-09668,1.231,1.731,0.252,1.500,2.000,3.624
455,Result of BEFORE_GA3_B2 Region1_Merged_RAW_ch01.tif:09469-04833,13.130,2.063,0.307,1.500,2.909,13.277
456,Result of BEFORE_GA3_B2 Region1_Merged_RAW_ch01.tif:09490-00803,42.673,1.946,0.526,1.125,4.600,25.274
457,Result of BEFORE_GA3_B2 Region1_Merged_RAW_ch01.tif:09496-09589,28.312,2.587,0.497,1.643,3.562,20.149
458,Result of BEFORE_GA3_B2 Region1_Merged_RAW_ch01.tif:09545-06220,2.052,2.377,0.229,2.125,2.667,4.905
459,Result of BEFORE_GA3_B2 Region1_Merged_RAW_ch01.tif:09545-06214,22.157,2.313,0.629,1.308,3.875,19.243
460,Result of BEFORE_GA3_B2 Region1_Merged_RAW_ch01.tif:09590-08010,1.641,2.028,0.387,1.667,2.571,4.529
461,Result of BEFORE_GA3_B2 Region1_Merged_RAW_ch01.tif:09611-04510,2.462,1.560,0.190,1.357,1.833,5.435
462,Result of BEFORE_GA3_B2 Region1_Merged_RAW_ch01.tif:09619-05987,16.002,1.423,0.228,1.030,1.947,14.559
463,Result of BEFORE_GA3_B2 Region1_Merged_RAW_ch01.tif:09635-05276,16.823,2.076,0.350,1.467,3.000,14.714
464,Result of BEFORE_GA3_B2 Region1_Merged_RAW_ch01.tif:09650-09670,32.415,2.073,0.679,1.094,4.000,21.275
465,Result of BEFORE_GA3_B2 Region1_Merged_RAW_ch01.tif:09659-03694,0.410,1.538,0.000,1.538,1.538,2.562
466,Result of BEFORE_GA3_B2 Region1_Merged_RAW_ch01.tif:09663-02608,23.388,2.913,0.538,1.667,4.000,17.276
467,Result of BEFORE_GA3_B2 Region1_Merged_RAW_ch01.tif:09672-05807,28.722,1.873,0.753,0.863,3.500,19.994
468,Result of BEFORE_GA3_B2 Region1_Merged_RAW_ch01.tif:09672-04515,36.518,1.992,0.329,1.406,3.118,22.711
469,Result of BEFORE_GA3_B2 Region1_Merged_RAW_ch01.tif:09684-06674,4.103,1.279,0.208,0.900,1.571,7.998
470,Result of BEFORE_GA3_B2 Region1_Merged_RAW_ch01.tif:09694-06043,3.283,2.767,0.391,2.071,3.308,5.811
471,Result of BEFORE_GA3_B2 Region1_Merged_RAW_ch01.tif:09703-07213,23.798,1.883,0.359,1.316,2.650,18.182
472,Result of BEFORE_GA3_B2 Region1_Merged_RAW_ch01.tif:09719-05025,1.641,1.874,0.201,1.692,2.091,4.905
473,Result of BEFORE_GA3_B2 Region1_Merged_RAW_ch01.tif:09717-06349,92.731,2.413,0.778,1.087,4.700,39.612
474,Result of BEFORE_GA3_B2 Region1_Merged_RAW_ch01.tif:09728-06074,0.410,1.500,0.000,1.500,1.500,2.562
475,Result of BEFORE_GA3_B2 Region1_Merged_RAW_ch01.tif:09724-07704,36.518,2.640,0.505,1.346,3.714,22.025
476,Result of BEFORE_GA3_B2 Region1_Merged_RAW_ch01.tif:09727-09509,21.336,2.658,0.425,1.792,3.533,16.370
477,Result of BEFORE_GA3_B2 Region1_Merged_RAW_ch01.tif:09728-07179,15.182,1.924,0.287,1.350,2.462,13.808
478,Result of BEFORE_GA3_B2 Region1_Merged_RAW_ch01.tif:09729-06076,20.516,2.241,0.499,1.429,3.708,16.370
479,Result of BEFORE_GA3_B2 Region1_Merged_RAW_ch01.tif:09757-08625,17.233,1.282,0.241,0.718,1.870,14.934
480,Result of BEFORE_GA3_B2 Region1_Merged_RAW_ch01.tif:09768-07857,21.747,2.120,0.367,1.250,3.040,17.276
481,Result of BEFORE_GA3_B2 Region1_Merged_RAW_ch01.tif:09778-07754,1.231,0.849,0.053,0.789,0.892,3.624
482,Result of BEFORE_GA3_B2 Region1_Merged_RAW_ch01.tif:09778-07165,1.641,1.527,0.241,1.300,1.833,4.529
483,Result of BEFORE_GA3_B2 Region1_Merged_RAW_ch01.tif:09777-07165,34.877,1.831,0.495,0.957,3.000,27.241
484,Result of BEFORE_GA3_B2 Region1_Merged_RAW_ch01.tif:09795-06518,40.211,1.972,0.584,1.022,4.429,23.307
485,Result of BEFORE_GA3_B2 Region1_Merged_RAW_ch01.tif:09802-05279,29.953,3.349,1.015,1.652,5.652,19.994
486,Result of BEFORE_GA3_B2 Region1_Merged_RAW_ch01.tif:09820-06824,17.233,3.128,0.587,2.188,4.250,15.089
487,Result of BEFORE_GA3_B2 Region1_Merged_RAW_ch01.tif:09821-03209,20.516,2.457,0.616,1.250,3.714,16.746
488,Result of BEFORE_GA3_B2 Region1_Merged_RAW_ch01.tif:09825-05920,29.132,1.731,0.206,1.200,2.364,19.838
489,Result of BEFORE_GA3_B2 Region1_Merged_RAW_ch01.tif:09830-04761,31.184,2.455,0.554,1.364,3.640,21.275
490,Result of BEFORE_GA3_B2 Region1_Merged_RAW_ch01.tif:09847-03279,4.924,2.700,0.352,2.200,3.300,7.622
491,Result of BEFORE_GA3_B2 Region1_Merged_RAW_ch01.tif:09853-05701,44.314,2.437,0.712,1.306,4.889,27.461
492,Result of BEFORE_GA3_B2 Region1_Merged_RAW_ch01.tif:09860-05242,50.468,2.547,0.857,1.129,4.442,26.399
493,Result of BEFORE_GA3_B2 Region1_Merged_RAW_ch01.tif:09869-03294,27.081,3.000,0.954,1.409,5.043,18.933
494,Result of BEFORE_GA3_B2 Region1_Merged_RAW_ch01.tif:09871-03205,13.540,1.509,0.246,1.000,2.000,16.150
495,Result of BEFORE_GA3_B2 Region1_Merged_RAW_ch01.tif:09874-03706,19.695,1.262,0.357,0.812,2.333,25.054
496,Result of BEFORE_GA3_B2 Region1_Merged_RAW_ch01.tif:09896-05970,0.821,1.909,0.129,1.818,2.000,3.624
497,Result of BEFORE_GA3_B2 Region1_Merged_RAW_ch01.tif:09895-05970,14.771,2.052,0.371,1.429,3.000,14.339
498,Result of BEFORE_GA3_B2 Region1_Merged_RAW_ch01.tif:09909-10194,23.388,1.583,0.363,1.049,2.923,17.276
499,Result of BEFORE_GA3_B2 Region1_Merged_RAW_ch01.tif:09914-05004,49.648,1.748,0.337,1.098,2.833,26.024
500,Result of BEFORE_GA3_B2 Region1_Merged_RAW_ch01.tif:09936-04080,45.134,1.678,0.312,0.938,2.375,24.588
501,Result of BEFORE_GA3_B2 Region1_Merged_RAW_ch01.tif:09960-04041,1.231,2.454,0.367,2.083,2.818,3.624
502,Result of BEFORE_GA3_B2 Region1_Merged_RAW_ch01.tif:09961-04038,0.410,2.000,0.000,2.000,2.000,2.562
503,Result of BEFORE_GA3_B2 Region1_Merged_RAW_ch01.tif:09962-04042,0.410,2.636,0.000,2.636,2.636,2.562
504,Result of BEFORE_GA3_B2 Region1_Merged_RAW_ch01.tif:09959-07649,35.697,1.647,0.365,0.804,2.727,22.025
505,Result of BEFORE_GA3_B2 Region1_Merged_RAW_ch01.tif:09962-05332,42.673,2.470,0.674,1.350,4.375,25.274
506,Result of BEFORE_GA3_B2 Region1_Merged_RAW_ch01.tif:09976-08112,0.410,1.846,0.000,1.846,1.846,2.562
507,Result of BEFORE_GA3_B2 Region1_Merged_RAW_ch01.tif:09995-04595,13.540,2.982,0.465,2.200,4.000,13.277
508,Result of BEFORE_GA3_B2 Region1_Merged_RAW_ch01.tif:09994-03423,28.312,1.945,0.357,1.286,2.812,20.369
509,Result of BEFORE_GA3_B2 Region1_Merged_RAW_ch01.tif:09997-06071,60.726,2.302,0.602,1.000,3.947,29.492
510,Result of BEFORE_GA3_B2 Region1_Merged_RAW_ch01.tif:10014-04961,17.233,1.968,0.351,1.318,2.750,15.464
511,Result of BEFORE_GA3_B2 Region1_Merged_RAW_ch01.tif:10019-07226,2.462,1.772,0.368,1.333,2.357,7.622
512,Result of BEFORE_GA3_B2 Region1_Merged_RAW_ch01.tif:10020-07806,8.206,2.911,0.689,2.083,4.625,15.464
513,Result of BEFORE_GA3_B2 Region1_Merged_RAW_ch01.tif:10021-07232,1.231,1.510,0.076,1.429,1.579,5.124
514,Result of BEFORE_GA3_B2 Region1_Merged_RAW_ch01.tif:10023-04440,11.899,2.681,0.564,1.444,3.667,12.372
515,Result of BEFORE_GA3_B2 Region1_Merged_RAW_ch01.tif:10029-07799,2.462,1.604,0.327,1.278,2.143,6.406
516,Result of BEFORE_GA3_B2 Region1_Merged_RAW_ch01.tif:10033-07807,147.302,1.694,0.499,0.864,3.636,50.923
517,Result of BEFORE_GA3_B2 Region1_Merged_RAW_ch01.tif:10044-06285,9.437,3.261,0.820,2.059,5.750,10.715
518,Result of BEFORE_GA3_B2 Region1_Merged_RAW_ch01.tif:10048-04919,9.027,3.076,0.500,2.182,4.429,12.527
519,Result of BEFORE_GA3_B2 Region1_Merged_RAW_ch01.tif:10079-04030,39.800,1.899,0.279,1.269,2.600,23.462
520,Result of BEFORE_GA3_B2 Region1_Merged_RAW_ch01.tif:10083-05513,8.206,1.501,0.179,1.154,1.850,10.715
521,Result of BEFORE_GA3_B2 Region1_Merged_RAW_ch01.tif:10088-07742,3.693,2.264,0.313,1.938,2.941,6.341
522,Result of BEFORE_GA3_B2 Region1_Merged_RAW_ch01.tif:10131-08849,23.388,3.100,0.584,1.692,4.444,18.337
523,Result of BEFORE_GA3_B2 Region1_Merged_RAW_ch01.tif:10145-03098,0.410,3.200,0.000,3.200,3.200,2.562
524,Result of BEFORE_GA3_B2 Region1_Merged_RAW_ch01.tif:10141-07648,22.567,2.308,0.492,1.375,3.700,18.557
525,Result of BEFORE_GA3_B2 Region1_Merged_RAW_ch01.tif:10146-06811,7.796,2.998,0.374,2.250,3.700,11.090
526,Result of BEFORE_GA3_B2 Region1_Merged_RAW_ch01.tif:10181-04204,23.388,1.862,0.259,1.211,2.722,17.276
527,Result of BEFORE_GA3_B2 Region1_Merged_RAW_ch01.tif:10199-07333,25.029,1.877,0.444,1.154,3.333,18.182
528,Result of BEFORE_GA3_B2 Region1_Merged_RAW_ch01.tif:10201-05649,30.363,2.000,0.487,1.000,3.000,19.994
529,Result of BEFORE_GA3_B2 Region1_Merged_RAW_ch01.tif:10205-03120,13.130,2.825,0.650,1.800,4.364,15.995
530,Result of BEFORE_GA3_B2 Region1_Merged_RAW_ch01.tif:10225-07714,9.027,1.847,0.397,1.333,2.600,11.621
531,Result of BEFORE_GA3_B2 Region1_Merged_RAW_ch01.tif:10275-07735,22.567,2.648,0.687,1.333,4.367,17.807
532,Result of BEFORE_GA3_B2 Region1_Merged_RAW_ch01.tif:10279-07523,16.413,2.256,0.403,1.500,3.267,14.714
533,Result of BEFORE_GA3_B2 Region1_Merged_RAW_ch01.tif:10290-05319,2.872,1.271,0.236,1.032,1.619,6.186
534,Result of BEFORE_GA3_B2 Region1_Merged_RAW_ch01.tif:10307-08649,4.924,1.620,0.296,1.292,2.211,7.998
535,Result of BEFORE_GA3_B2 Region1_Merged_RAW_ch01.tif:10336-04338,22.157,2.183,0.551,1.156,3.471,17.276
536,Result of BEFORE_GA3_B2 Region1_Merged_RAW_ch01.tif:10347-07818,27.081,1.464,0.275,1.000,2.111,19.088
537,Result of BEFORE_GA3_B2 Region1_Merged_RAW_ch01.tif:10378-07025,12.720,1.306,0.249,0.894,2.050,12.747
538,Result of BEFORE_GA3_B2 Region1_Merged_RAW_ch01.tif:10419-05698,41.031,2.096,0.597,1.088,3.381,23.462
539,Result of BEFORE_GA3_B2 Region1_Merged_RAW_ch01.tif:10435-04121,22.567,2.600,0.660,1.143,4.200,17.276
540,Result of BEFORE_GA3_B2 Region1_Merged_RAW_ch01.tif:10443-08597,39.390,2.503,0.734,1.030,4.889,23.462
541,Result of BEFORE_GA3_B2 Region1_Merged_RAW_ch01.tif:10450-05812,2.872,2.216,0.341,1.692,2.600,7.247
542,Result of BEFORE_GA3_B2 Region1_Merged_RAW_ch01.tif:10476-08646,34.877,2.007,0.735,0.808,3.857,21.275
543,Result of BEFORE_GA3_B2 Region1_Merged_RAW_ch01.tif:10534-06516,19.695,1.234,0.179,0.935,1.684,27.772
544,Result of BEFORE_GA3_B2 Region1_Merged_RAW_ch01.tif:10537-06522,1.231,1.252,0.218,1.000,1.391,5.124
545,Result of BEFORE_GA3_B2 Region1_Merged_RAW_ch01.tif:10538-06516,1.231,1.125,0.083,1.029,1.179,4.529
546,Result of BEFORE_GA3_B2 Region1_Merged_RAW_ch01.tif:10541-06514,0.821,1.083,0.166,0.966,1.200,3.624
547,Result of BEFORE_GA3_B2 Region1_Merged_RAW_ch01.tif:10541-06525,0.410,2.000,0.000,2.000,2.000,2.562
548,Result of BEFORE_GA3_B2 Region1_Merged_RAW_ch01.tif:10542-06511,0.410,1.000,0.000,1.000,1.000,2.562
549,Result of BEFORE_GA3_B2 Region1_Merged_RAW_ch01.tif:10543-06509,0.410,1.120,0.000,1.120,1.120,2.562
550,Result of BEFORE_GA3_B2 Region1_Merged_RAW_ch01.tif:10542-06523,4.103,1.429,0.232,1.115,1.789,10.715
551,Result of BEFORE_GA3_B2 Region1_Merged_RAW_ch01.tif:10544-06514,2.462,1.083,0.099,0.967,1.207,8.903
552,Result of BEFORE_GA3_B2 Region1_Merged_RAW_ch01.tif:10544-06518,1.231,1.011,0.038,0.967,1.033,5.435
553,Result of BEFORE_GA3_B2 Region1_Merged_RAW_ch01.tif:10542-06507,9.437,1.380,0.308,0.941,2.125,19.243
554,Result of BEFORE_GA3_B2 Region1_Merged_RAW_ch01.tif:10547-06508,0.410,1.591,0.000,1.591,1.591,2.562
555,Result of BEFORE_GA3_B2 Region1_Merged_RAW_ch01.tif:10547-06514,2.052,1.548,0.189,1.375,1.850,6.716
556,Result of BEFORE_GA3_B2 Region1_Merged_RAW_ch01.tif:10547-06519,2.462,1.331,0.191,1.033,1.542,8.528
557,Result of BEFORE_GA3_B2 Region1_Merged_RAW_ch01.tif:10546-02397,13.540,2.826,0.628,2.125,4.571,14.714
558,Result of BEFORE_GA3_B2 Region1_Merged_RAW_ch01.tif:10571-07005,38.159,2.208,0.464,1.097,3.500,22.401
559,Result of BEFORE_GA3_B2 Region1_Merged_RAW_ch01.tif:10574-05471,22.157,2.258,0.337,1.636,3.077,16.901
560,Result of BEFORE_GA3_B2 Region1_Merged_RAW_ch01.tif:10619-05638,0.410,2.727,0.000,2.727,2.727,2.562
561,Result of BEFORE_GA3_B2 Region1_Merged_RAW_ch01.tif:10622-05631,13.130,1.308,0.201,1.034,1.737,20.900
562,Result of BEFORE_GA3_B2 Region1_Merged_RAW_ch01.tif:10623-06571,14.361,1.955,0.369,1.344,2.800,14.183
563,Result of BEFORE_GA3_B2 Region1_Merged_RAW_ch01.tif:10628-05629,1.231,1.593,0.280,1.333,1.889,5.124
564,Result of BEFORE_GA3_B2 Region1_Merged_RAW_ch01.tif:10625-03830,25.439,2.284,0.467,1.333,3.286,19.463
565,Result of BEFORE_GA3_B2 Region1_Merged_RAW_ch01.tif:10625-05770,28.722,2.894,0.646,1.333,4.571,19.088
566,Result of BEFORE_GA3_B2 Region1_Merged_RAW_ch01.tif:10660-05098,11.078,2.654,0.423,1.800,3.333,11.996
567,Result of BEFORE_GA3_B2 Region1_Merged_RAW_ch01.tif:10680-06537,0.410,0.630,0.000,0.630,0.630,2.562
568,Result of BEFORE_GA3_B2 Region1_Merged_RAW_ch01.tif:10682-06538,34.466,0.942,0.230,0.576,1.727,27.085
569,Result of BEFORE_GA3_B2 Region1_Merged_RAW_ch01.tif:10687-06541,0.410,1.250,0.000,1.250,1.250,2.562
570,Result of BEFORE_GA3_B2 Region1_Merged_RAW_ch01.tif:10690-06459,0.821,2.947,0.590,2.529,3.364,3.624
571,Result of BEFORE_GA3_B2 Region1_Merged_RAW_ch01.tif:10681-06467,114.067,2.241,0.775,1.163,4.286,40.207
572,Result of BEFORE_GA3_B2 Region1_Merged_RAW_ch01.tif:10693-06464,0.821,3.208,0.530,2.833,3.583,3.624
573,Result of BEFORE_GA3_B2 Region1_Merged_RAW_ch01.tif:10742-06107,20.105,2.051,0.280,1.500,2.684,16.370
574,Result of BEFORE_GA3_B2 Region1_Merged_RAW_ch01.tif:10761-03730,37.749,2.344,0.482,1.222,3.433,22.931
575,Result of BEFORE_GA3_B2 Region1_Merged_RAW_ch01.tif:10777-05943,38.569,1.416,0.524,0.789,3.455,28.211
576,Result of BEFORE_GA3_B2 Region1_Merged_RAW_ch01.tif:10783-03113,93.551,2.334,0.851,1.109,4.700,35.833
577,Result of BEFORE_GA3_B2 Region1_Merged_RAW_ch01.tif:10834-02777,16.002,2.188,0.492,1.080,3.600,14.559
578,Result of BEFORE_GA3_B2 Region1_Merged_RAW_ch01.tif:10845-08433,10.258,1.852,0.505,1.000,2.727,13.277
579,Result of BEFORE_GA3_B2 Region1_Merged_RAW_ch01.tif:10872-06769,32.415,1.402,0.228,0.913,2.263,20.744
580,Result of BEFORE_GA3_B2 Region1_Merged_RAW_ch01.tif:10882-06554,8.206,1.162,0.091,1.000,1.375,9.809
581,Result of BEFORE_GA3_B2 Region1_Merged_RAW_ch01.tif:10890-03692,19.695,3.434,0.750,2.000,5.000,16.746
582,Result of BEFORE_GA3_B2 Region1_Merged_RAW_ch01.tif:10894-08063,38.159,2.383,0.684,1.423,4.800,22.556
583,Result of BEFORE_GA3_B2 Region1_Merged_RAW_ch01.tif:10907-07530,4.513,1.660,0.221,1.346,2.053,8.528
584,Result of BEFORE_GA3_B2 Region1_Merged_RAW_ch01.tif:10911-03674,25.439,2.235,0.443,1.333,3.615,18.933
585,Result of BEFORE_GA3_B2 Region1_Merged_RAW_ch01.tif:10922-08285,8.617,2.172,0.402,1.632,3.154,11.621
586,Result of BEFORE_GA3_B2 Region1_Merged_RAW_ch01.tif:10927-05400,0.410,1.800,0.000,1.800,1.800,2.562
587,Result of BEFORE_GA3_B2 Region1_Merged_RAW_ch01.tif:10973-07898,20.516,2.010,0.759,1.053,4.000,17.432
588,Result of BEFORE_GA3_B2 Region1_Merged_RAW_ch01.tif:10973-08184,29.132,2.453,0.627,1.263,3.800,20.744
589,Result of BEFORE_GA3_B2 Region1_Merged_RAW_ch01.tif:10992-08373,39.390,2.187,0.686,1.295,5.100,22.931
590,Result of BEFORE_GA3_B2 Region1_Merged_RAW_ch01.tif:11010-05782,43.083,2.083,0.576,1.184,4.000,24.368
591,Result of BEFORE_GA3_B2 Region1_Merged_RAW_ch01.tif:11017-05193,21.336,2.591,0.434,1.684,3.600,17.121
592,Result of BEFORE_GA3_B2 Region1_Merged_RAW_ch01.tif:11148-05713,29.132,2.416,0.504,1.222,3.600,19.619
593,Result of BEFORE_GA3_B2 Region1_Merged_RAW_ch01.tif:11173-06068,5.334,1.565,0.355,1.200,2.500,8.903
594,Result of BEFORE_GA3_B2 Region1_Merged_RAW_ch01.tif:11232-07055,41.852,1.687,0.341,1.000,2.857,23.837
595,Result of BEFORE_GA3_B2 Region1_Merged_RAW_ch01.tif:11307-06994,42.673,2.526,0.652,1.368,5.250,25.274
596,Result of BEFORE_GA3_B2 Region1_Merged_RAW_ch01.tif:11339-05629,0.410,1.600,0.000,1.600,1.600,2.562
597,Result of BEFORE_GA3_B2 Region1_Merged_RAW_ch01.tif:11343-05627,0.821,1.062,0.026,1.043,1.080,3.843
598,Result of BEFORE_GA3_B2 Region1_Merged_RAW_ch01.tif:11349-05638,0.410,2.000,0.000,2.000,2.000,2.562
599,Result of BEFORE_GA3_B2 Region1_Merged_RAW_ch01.tif:11345-05630,68.933,1.556,0.329,0.960,2.727,46.859
600,Result of BEFORE_GA3_B2 Region1_Merged_RAW_ch01.tif:11362-10572,8.206,2.276,0.271,1.800,3.000,10.715
601,Result of BEFORE_GA3_B2 Region1_Merged_RAW_ch01.tif:11387-05454,16.002,1.031,0.174,0.788,1.591,16.150
602,Result of BEFORE_GA3_B2 Region1_Merged_RAW_ch01.tif:11401-06028,87.807,1.859,0.772,0.950,4.600,34.552
603,Result of BEFORE_GA3_B2 Region1_Merged_RAW_ch01.tif:11461-05128,13.951,2.753,0.616,1.875,4.571,13.277
604,Result of BEFORE_GA3_B2 Region1_Merged_RAW_ch01.tif:11471-03990,4.103,2.690,0.414,2.273,3.500,7.247
605,Result of BEFORE_GA3_B2 Region1_Merged_RAW_ch01.tif:11478-06609,47.186,2.655,0.572,1.238,4.308,25.649
606,Result of BEFORE_GA3_B2 Region1_Merged_RAW_ch01.tif:11580-06224,84.935,1.803,0.514,0.986,3.556,35.833
607,Result of BEFORE_GA3_B2 Region1_Merged_RAW_ch01.tif:11637-06229,27.081,2.546,0.619,1.333,4.429,20.369
608,Result of BEFORE_GA3_B2 Region1_Merged_RAW_ch01.tif:11669-07648,65.240,1.839,0.726,0.647,3.750,30.554
609,Result of BEFORE_GA3_B2 Region1_Merged_RAW_ch01.tif:11746-05204,32.004,2.069,0.530,1.103,3.278,21.275
610,Result of BEFORE_GA3_B2 Region1_Merged_RAW_ch01.tif:11808-06359,13.951,1.864,0.457,1.192,3.200,13.653
611,Result of BEFORE_GA3_B2 Region1_Merged_RAW_ch01.tif:11824-09746,54.572,1.792,0.596,0.917,3.333,27.616
612,Result of BEFORE_GA3_B2 Region1_Merged_RAW_ch01.tif:11856-05942,9.027,2.196,0.412,1.444,3.429,11.090
613,Result of BEFORE_GA3_B2 Region1_Merged_RAW_ch01.tif:11858-09873,5.334,1.868,0.353,1.364,2.417,7.622
614,Result of BEFORE_GA3_B2 Region1_Merged_RAW_ch01.tif:11932-05562,10.258,1.861,0.259,1.389,2.364,11.621
615,Result of BEFORE_GA3_B2 Region1_Merged_RAW_ch01.tif:11944-04582,9.437,2.150,0.412,1.556,3.200,11.466
616,Result of BEFORE_GA3_B2 Region1_Merged_RAW_ch01.tif:11948-04582,1.231,1.959,0.486,1.429,2.385,3.624
617,Result of BEFORE_GA3_B2 Region1_Merged_RAW_ch01.tif:11942-06581,132.941,2.225,0.717,0.870,4.667,44.957
618,Result of BEFORE_GA3_B2 Region1_Merged_RAW_ch01.tif:11954-06591,0.821,1.155,0.376,0.889,1.421,3.843
619,Result of BEFORE_GA3_B2 Region1_Merged_RAW_ch01.tif:12032-06363,15.592,2.889,0.639,1.727,4.111,14.183
620,Result of BEFORE_GA3_B2 Region1_Merged_RAW_ch01.tif:12047-06389,51.699,1.555,0.315,1.088,2.800,26.555
621,Result of BEFORE_GA3_B2 Region1_Merged_RAW_ch01.tif:12108-06556,2.462,2.637,0.232,2.385,3.000,6.406
622,Result of BEFORE_GA3_B2 Region1_Merged_RAW_ch01.tif:12115-05789,74.677,2.655,0.624,0.865,4.750,33.116
623,Result of BEFORE_GA3_B2 Region1_Merged_RAW_ch01.tif:12148-05723,90.269,1.719,0.464,1.054,3.778,35.833
624,Result of BEFORE_GA3_B2 Region1_Merged_RAW_ch01.tif:12161-06490,11.078,2.334,0.466,1.556,3.111,11.466
625,Result of BEFORE_GA3_B2 Region1_Merged_RAW_ch01.tif:12167-06494,1.641,2.807,0.489,2.167,3.357,5.124
626,Result of BEFORE_GA3_B2 Region1_Merged_RAW_ch01.tif:12168-06488,0.821,2.484,0.078,2.429,2.538,3.843
627,Result of BEFORE_GA3_B2 Region1_Merged_RAW_ch01.tif:12169-04592,4.924,1.009,0.133,0.789,1.179,7.247
628,Result of BEFORE_GA3_B2 Region1_Merged_RAW_ch01.tif:12170-06493,2.872,2.195,0.326,1.789,2.588,5.811
629,Result of BEFORE_GA3_B2 Region1_Merged_RAW_ch01.tif:12174-06497,23.798,2.354,0.668,1.030,3.833,21.430
630,Result of BEFORE_GA3_B2 Region1_Merged_RAW_ch01.tif:12217-09531,39.390,1.597,0.398,0.897,3.111,22.931
631,Result of BEFORE_GA3_B2 Region1_Merged_RAW_ch01.tif:12268-04740,0.410,1.692,0.000,1.692,1.692,2.562
632,Result of BEFORE_GA3_B2 Region1_Merged_RAW_ch01.tif:12272-04739,2.872,1.831,0.462,1.190,2.364,7.247
633,Result of BEFORE_GA3_B2 Region1_Merged_RAW_ch01.tif:12271-06319,7.386,1.898,0.247,1.500,2.429,9.809
634,Result of BEFORE_GA3_B2 Region1_Merged_RAW_ch01.tif:12280-06421,22.978,2.016,0.329,1.389,3.000,18.557
635,Result of BEFORE_GA3_B2 Region1_Merged_RAW_ch01.tif:12310-05863,34.466,2.442,0.615,1.182,3.778,22.181
636,Result of BEFORE_GA3_B2 Region1_Merged_RAW_ch01.tif:12348-06653,29.132,1.560,0.772,0.720,3.818,19.838
637,Result of BEFORE_GA3_B2 Region1_Merged_RAW_ch01.tif:12382-04573,0.410,1.833,0.000,1.833,1.833,2.562
638,Result of BEFORE_GA3_B2 Region1_Merged_RAW_ch01.tif:12384-04576,1.641,2.146,0.228,1.846,2.364,4.905
639,Result of BEFORE_GA3_B2 Region1_Merged_RAW_ch01.tif:12438-07310,6.975,1.357,0.233,0.971,1.842,11.621
640,Result of BEFORE_GA3_B2 Region1_Merged_RAW_ch01.tif:12448-06391,17.643,1.915,0.347,1.074,2.750,15.464
641,Result of BEFORE_GA3_B2 Region1_Merged_RAW_ch01.tif:12478-07257,58.675,2.077,0.543,1.048,3.692,29.803
642,Result of BEFORE_GA3_B2 Region1_Merged_RAW_ch01.tif:12501-03699,29.953,1.425,0.191,0.962,1.950,20.214
643,Result of BEFORE_GA3_B2 Region1_Merged_RAW_ch01.tif:12548-06909,67.702,1.391,0.346,0.794,3.000,30.398
644,Result of BEFORE_GA3_B2 Region1_Merged_RAW_ch01.tif:12575-06603,0.410,2.462,0.000,2.462,2.462,2.562
645,Result of BEFORE_GA3_B2 Region1_Merged_RAW_ch01.tif:12576-06606,1.641,2.232,0.198,2.067,2.462,4.905
